-- MySQL dump 10.13  Distrib 8.0.36, for Win64 (x86_64)
--
-- Host: 127.0.0.1    Database: platea
-- ------------------------------------------------------
-- Server version	5.5.5-10.4.32-MariaDB

/*!40101 SET @OLD_CHARACTER_SET_CLIENT=@@CHARACTER_SET_CLIENT */;
/*!40101 SET @OLD_CHARACTER_SET_RESULTS=@@CHARACTER_SET_RESULTS */;
/*!40101 SET @OLD_COLLATION_CONNECTION=@@COLLATION_CONNECTION */;
/*!50503 SET NAMES utf8 */;
/*!40103 SET @OLD_TIME_ZONE=@@TIME_ZONE */;
/*!40103 SET TIME_ZONE='+00:00' */;
/*!40014 SET @OLD_UNIQUE_CHECKS=@@UNIQUE_CHECKS, UNIQUE_CHECKS=0 */;
/*!40014 SET @OLD_FOREIGN_KEY_CHECKS=@@FOREIGN_KEY_CHECKS, FOREIGN_KEY_CHECKS=0 */;
/*!40101 SET @OLD_SQL_MODE=@@SQL_MODE, SQL_MODE='NO_AUTO_VALUE_ON_ZERO' */;
/*!40111 SET @OLD_SQL_NOTES=@@SQL_NOTES, SQL_NOTES=0 */;

--
-- Table structure for table `aprobacion`
--

DROP TABLE IF EXISTS `aprobacion`;
/*!40101 SET @saved_cs_client     = @@character_set_client */;
/*!50503 SET character_set_client = utf8mb4 */;
CREATE TABLE `aprobacion` (
  `IdAprobacion` int(11) NOT NULL AUTO_INCREMENT,
  `ComentarioAprobacion` text DEFAULT NULL,
  `CalificacionAprobacion` decimal(2,1) DEFAULT NULL,
  `FechaAprobacion` datetime DEFAULT current_timestamp(),
  `IdPersonaFK` int(11) DEFAULT NULL,
  `IdProductoFK` int(11) DEFAULT NULL,
  PRIMARY KEY (`IdAprobacion`),
  KEY `FK_Persona_Aprobacion` (`IdPersonaFK`),
  KEY `FK_Producto_Calificacion` (`IdProductoFK`),
  CONSTRAINT `FK_Persona_Aprobacion` FOREIGN KEY (`IdPersonaFK`) REFERENCES `persona` (`IdPersona`),
  CONSTRAINT `FK_Producto_Calificacion` FOREIGN KEY (`IdProductoFK`) REFERENCES `producto` (`IdProducto`)
) ENGINE=InnoDB AUTO_INCREMENT=17 DEFAULT CHARSET=utf8mb4 COLLATE=utf8mb4_general_ci;
/*!40101 SET character_set_client = @saved_cs_client */;

--
-- Dumping data for table `aprobacion`
--

LOCK TABLES `aprobacion` WRITE;
/*!40000 ALTER TABLE `aprobacion` DISABLE KEYS */;
INSERT INTO `aprobacion` VALUES (3,'hola',0.0,'2024-09-11 22:53:57',17,NULL),(4,'dwadwad',5.0,'2024-09-11 22:55:23',17,NULL),(5,'dw',3.0,'2024-09-11 22:55:28',17,NULL),(6,'dwadwasdaw',4.0,'2024-09-11 23:04:55',17,NULL),(7,'hola',5.0,'2024-09-11 23:07:59',17,NULL),(8,'awdwadawd',4.0,'2024-09-12 05:16:51',18,15),(9,'awjkdhkuawd',4.0,'2024-09-12 05:17:30',18,16),(10,'wdadawdawd',5.0,'2024-09-12 05:20:10',18,17),(11,'hola',5.0,'2024-09-13 09:56:20',18,7),(12,'dwadawd',5.0,'2024-09-13 09:56:34',18,31),(13,'dwadawdawd',5.0,'2024-09-13 09:56:59',18,23),(14,'2weqwdad',5.0,'2024-09-20 02:02:39',20,23),(15,'dwadawd',1.0,'2024-09-20 02:02:45',20,23),(16,'awdawd',2.0,'2024-09-20 02:02:55',20,23);
/*!40000 ALTER TABLE `aprobacion` ENABLE KEYS */;
UNLOCK TABLES;

--
-- Table structure for table `arrendatario`
--

DROP TABLE IF EXISTS `arrendatario`;
/*!40101 SET @saved_cs_client     = @@character_set_client */;
/*!50503 SET character_set_client = utf8mb4 */;
CREATE TABLE `arrendatario` (
  `IdArrendatario` int(11) NOT NULL AUTO_INCREMENT,
  `FechaInicioArrendatario` datetime DEFAULT current_timestamp(),
  `FechaExpiracionArrendatario` datetime DEFAULT NULL,
  `FechaFinArrendatario` datetime DEFAULT NULL,
  `EstadoArrendatario` tinyint(1) DEFAULT 1,
  `IdPersonaFK` int(11) DEFAULT NULL,
  PRIMARY KEY (`IdArrendatario`),
  KEY `FK_Persona_Arrendatario` (`IdPersonaFK`),
  CONSTRAINT `FK_Persona_Arrendatario` FOREIGN KEY (`IdPersonaFK`) REFERENCES `persona` (`IdPersona`)
) ENGINE=InnoDB AUTO_INCREMENT=11 DEFAULT CHARSET=utf8mb4 COLLATE=utf8mb4_general_ci;
/*!40101 SET character_set_client = @saved_cs_client */;

--
-- Dumping data for table `arrendatario`
--

LOCK TABLES `arrendatario` WRITE;
/*!40000 ALTER TABLE `arrendatario` DISABLE KEYS */;
INSERT INTO `arrendatario` VALUES (6,'2024-08-30 04:02:56','2024-10-30 04:02:56',NULL,1,13),(7,'2024-08-30 04:13:31','2024-10-30 04:13:31',NULL,1,14),(8,'2024-08-30 03:57:56','2024-10-30 03:57:56',NULL,1,15),(9,'2024-08-30 04:00:49','2024-10-30 04:00:49',NULL,1,16),(10,'2024-09-20 00:45:20','2024-11-20 00:45:20',NULL,1,20);
/*!40000 ALTER TABLE `arrendatario` ENABLE KEYS */;
UNLOCK TABLES;

--
-- Temporary view structure for view `belleza`
--

DROP TABLE IF EXISTS `belleza`;
/*!50001 DROP VIEW IF EXISTS `belleza`*/;
SET @saved_cs_client     = @@character_set_client;
/*!50503 SET character_set_client = utf8mb4 */;
/*!50001 CREATE VIEW `belleza` AS SELECT 
 1 AS `IdTienda`,
 1 AS `DireccionTienda`,
 1 AS `FechaAperturaTienda`,
 1 AS `NombreTienda`,
 1 AS `CalificacionTienda`,
 1 AS `CiudadTienda`,
 1 AS `DescripcionTienda`,
 1 AS `EstadoTienda`,
 1 AS `MiniaturaTienda`,
 1 AS `MiniaturaTiendaURL`,
 1 AS `BannerTienda`,
 1 AS `BannerTiendaURL`,
 1 AS `IdCategoriaFK`,
 1 AS `IdArrendatarioFK`*/;
SET character_set_client = @saved_cs_client;

--
-- Table structure for table `carrito`
--

DROP TABLE IF EXISTS `carrito`;
/*!40101 SET @saved_cs_client     = @@character_set_client */;
/*!50503 SET character_set_client = utf8mb4 */;
CREATE TABLE `carrito` (
  `IdCarrito` int(11) NOT NULL AUTO_INCREMENT,
  `IdPersonaFK` int(11) DEFAULT NULL,
  `fecha_creacion` datetime DEFAULT current_timestamp(),
  PRIMARY KEY (`IdCarrito`),
  KEY `FK_Persona_Carrito` (`IdPersonaFK`),
  CONSTRAINT `FK_Persona_Carrito` FOREIGN KEY (`IdPersonaFK`) REFERENCES `persona` (`IdPersona`)
) ENGINE=InnoDB AUTO_INCREMENT=20 DEFAULT CHARSET=utf8mb4 COLLATE=utf8mb4_general_ci;
/*!40101 SET character_set_client = @saved_cs_client */;

--
-- Dumping data for table `carrito`
--

LOCK TABLES `carrito` WRITE;
/*!40000 ALTER TABLE `carrito` DISABLE KEYS */;
INSERT INTO `carrito` VALUES (17,NULL,'2024-09-08 18:08:58'),(18,17,'2024-09-09 15:52:30'),(19,20,'2024-09-20 02:55:41');
/*!40000 ALTER TABLE `carrito` ENABLE KEYS */;
UNLOCK TABLES;

--
-- Table structure for table `categoria`
--

DROP TABLE IF EXISTS `categoria`;
/*!40101 SET @saved_cs_client     = @@character_set_client */;
/*!50503 SET character_set_client = utf8mb4 */;
CREATE TABLE `categoria` (
  `IdCategoria` int(11) NOT NULL AUTO_INCREMENT,
  `NombreCategoria` varchar(50) NOT NULL,
  `FotoCategoria` text DEFAULT NULL,
  PRIMARY KEY (`IdCategoria`)
) ENGINE=InnoDB AUTO_INCREMENT=13 DEFAULT CHARSET=utf8mb4 COLLATE=utf8mb4_general_ci;
/*!40101 SET character_set_client = @saved_cs_client */;

--
-- Dumping data for table `categoria`
--

LOCK TABLES `categoria` WRITE;
/*!40000 ALTER TABLE `categoria` DISABLE KEYS */;
INSERT INTO `categoria` VALUES (1,'Moda','http://localhost:4000/uploads/img/categoria/moda_1726827063879.jpg'),(2,'Electrodometicos','http://localhost:4000/uploads/img/categoria/electrodomesticos_1726827079713.jpg'),(3,'Hogar','http://localhost:4000/uploads/img/categoria/hogar_1726827091613.jpg'),(4,'Deportes','http://localhost:4000/uploads/img/categoria/deportes_1726827807855.jpg'),(5,'Juguetes','http://localhost:4000/uploads/img/categoria/juguetes_1726827817923.jpg'),(6,'Belleza','http://localhost:4000/uploads/img/categoria/belleza_1726827828251.jpg'),(7,'Electr√≥nica','http://localhost:4000/uploads/img/categoria/1_1726827838022.jpg'),(8,'Libros','http://localhost:4000/uploads/img/categoria/libros_1726827844567.avif'),(9,'Comida','http://localhost:4000/uploads/img/categoria/ham_1726827851007.jpg'),(10,'Salud','http://localhost:4000/uploads/img/categoria/med_1726827857165.jpg'),(11,'Oficina','http://localhost:4000/uploads/img/categoria/ofi_1726827862991.jpg');
/*!40000 ALTER TABLE `categoria` ENABLE KEYS */;
UNLOCK TABLES;

--
-- Table structure for table `cliente`
--

DROP TABLE IF EXISTS `cliente`;
/*!40101 SET @saved_cs_client     = @@character_set_client */;
/*!50503 SET character_set_client = utf8mb4 */;
CREATE TABLE `cliente` (
  `IdCliente` int(11) NOT NULL AUTO_INCREMENT,
  `DireccionCliente` varchar(100) NOT NULL,
  `CiudadCliente` varchar(50) NOT NULL,
  `IdPersonaFK` int(11) DEFAULT NULL,
  PRIMARY KEY (`IdCliente`),
  KEY `FK_Persona_Cliente` (`IdPersonaFK`),
  CONSTRAINT `FK_Persona_Cliente` FOREIGN KEY (`IdPersonaFK`) REFERENCES `persona` (`IdPersona`)
) ENGINE=InnoDB AUTO_INCREMENT=3 DEFAULT CHARSET=utf8mb4 COLLATE=utf8mb4_general_ci;
/*!40101 SET character_set_client = @saved_cs_client */;

--
-- Dumping data for table `cliente`
--

LOCK TABLES `cliente` WRITE;
/*!40000 ALTER TABLE `cliente` DISABLE KEYS */;
/*!40000 ALTER TABLE `cliente` ENABLE KEYS */;
UNLOCK TABLES;

--
-- Temporary view structure for view `deportes`
--

DROP TABLE IF EXISTS `deportes`;
/*!50001 DROP VIEW IF EXISTS `deportes`*/;
SET @saved_cs_client     = @@character_set_client;
/*!50503 SET character_set_client = utf8mb4 */;
/*!50001 CREATE VIEW `deportes` AS SELECT 
 1 AS `IdTienda`,
 1 AS `DireccionTienda`,
 1 AS `FechaAperturaTienda`,
 1 AS `NombreTienda`,
 1 AS `CalificacionTienda`,
 1 AS `CiudadTienda`,
 1 AS `DescripcionTienda`,
 1 AS `EstadoTienda`,
 1 AS `MiniaturaTienda`,
 1 AS `MiniaturaTiendaURL`,
 1 AS `BannerTienda`,
 1 AS `BannerTiendaURL`,
 1 AS `IdCategoriaFK`,
 1 AS `IdArrendatarioFK`*/;
SET character_set_client = @saved_cs_client;

--
-- Table structure for table `detallecarrito`
--

DROP TABLE IF EXISTS `detallecarrito`;
/*!40101 SET @saved_cs_client     = @@character_set_client */;
/*!50503 SET character_set_client = utf8mb4 */;
CREATE TABLE `detallecarrito` (
  `IdDetalleCarrito` int(11) NOT NULL AUTO_INCREMENT,
  `IdCarritoFK` int(11) NOT NULL,
  `IdProductoFK` int(11) NOT NULL,
  `Cantidad` int(11) DEFAULT 1,
  PRIMARY KEY (`IdDetalleCarrito`),
  KEY `FK_Producto_DetalleCarrito` (`IdProductoFK`),
  KEY `FK_Carrito_DetalleCarrito` (`IdCarritoFK`),
  CONSTRAINT `FK_Carrito_DetalleCarrito` FOREIGN KEY (`IdCarritoFK`) REFERENCES `carrito` (`IdCarrito`),
  CONSTRAINT `FK_Producto_DetalleCarrito` FOREIGN KEY (`IdProductoFK`) REFERENCES `producto` (`IdProducto`)
) ENGINE=InnoDB AUTO_INCREMENT=20 DEFAULT CHARSET=utf8mb4 COLLATE=utf8mb4_general_ci;
/*!40101 SET character_set_client = @saved_cs_client */;

--
-- Dumping data for table `detallecarrito`
--

LOCK TABLES `detallecarrito` WRITE;
/*!40000 ALTER TABLE `detallecarrito` DISABLE KEYS */;
INSERT INTO `detallecarrito` VALUES (1,17,6,1),(7,18,25,1),(8,18,15,4),(9,18,23,3);
/*!40000 ALTER TABLE `detallecarrito` ENABLE KEYS */;
UNLOCK TABLES;

--
-- Table structure for table `detallepago`
--

DROP TABLE IF EXISTS `detallepago`;
/*!40101 SET @saved_cs_client     = @@character_set_client */;
/*!50503 SET character_set_client = utf8mb4 */;
CREATE TABLE `detallepago` (
  `IdDetallePago` int(11) NOT NULL AUTO_INCREMENT,
  `IdPagoFK` int(11) DEFAULT NULL,
  `IdCompraFK` int(11) DEFAULT NULL,
  `DescripcionDetalle` text DEFAULT NULL,
  `MontoDetalle` decimal(10,2) NOT NULL,
  PRIMARY KEY (`IdDetallePago`),
  KEY `FK_Compra_Pago` (`IdCompraFK`),
  KEY `FK_Pago_DetallePago` (`IdPagoFK`),
  CONSTRAINT `FK_Compra_Pago` FOREIGN KEY (`IdCompraFK`) REFERENCES `compra` (`IdCompra`),
  CONSTRAINT `FK_Pago_DetallePago` FOREIGN KEY (`IdPagoFK`) REFERENCES `pago` (`IdPago`)
) ENGINE=InnoDB AUTO_INCREMENT=3 DEFAULT CHARSET=utf8mb4 COLLATE=utf8mb4_general_ci;
/*!40101 SET character_set_client = @saved_cs_client */;

--
-- Dumping data for table `detallepago`
--

LOCK TABLES `detallepago` WRITE;
/*!40000 ALTER TABLE `detallepago` DISABLE KEYS */;
/*!40000 ALTER TABLE `detallepago` ENABLE KEYS */;
UNLOCK TABLES;

--
-- Temporary view structure for view `electrodomesticos`
--

DROP TABLE IF EXISTS `electrodomesticos`;
/*!50001 DROP VIEW IF EXISTS `electrodomesticos`*/;
SET @saved_cs_client     = @@character_set_client;
/*!50503 SET character_set_client = utf8mb4 */;
/*!50001 CREATE VIEW `electrodomesticos` AS SELECT 
 1 AS `IdTienda`,
 1 AS `DireccionTienda`,
 1 AS `FechaAperturaTienda`,
 1 AS `NombreTienda`,
 1 AS `CalificacionTienda`,
 1 AS `CiudadTienda`,
 1 AS `DescripcionTienda`,
 1 AS `EstadoTienda`,
 1 AS `MiniaturaTienda`,
 1 AS `MiniaturaTiendaURL`,
 1 AS `BannerTienda`,
 1 AS `BannerTiendaURL`,
 1 AS `IdCategoriaFK`,
 1 AS `IdArrendatarioFK`*/;
SET character_set_client = @saved_cs_client;

--
-- Table structure for table `favorito`
--

DROP TABLE IF EXISTS `favorito`;
/*!40101 SET @saved_cs_client     = @@character_set_client */;
/*!50503 SET character_set_client = utf8mb4 */;
CREATE TABLE `favorito` (
  `IdFavorito` int(11) NOT NULL AUTO_INCREMENT,
  `IdClienteFK` int(11) DEFAULT NULL,
  `IdProductoFK` int(11) DEFAULT NULL,
  `FechaAgregado` datetime DEFAULT current_timestamp(),
  PRIMARY KEY (`IdFavorito`),
  KEY `FK_Cliente_Favorito` (`IdClienteFK`),
  KEY `FK_Producto_Favorito` (`IdProductoFK`),
  CONSTRAINT `FK_Cliente_Favorito` FOREIGN KEY (`IdClienteFK`) REFERENCES `cliente` (`IdCliente`),
  CONSTRAINT `FK_Producto_Favorito` FOREIGN KEY (`IdProductoFK`) REFERENCES `producto` (`IdProducto`)
) ENGINE=InnoDB AUTO_INCREMENT=3 DEFAULT CHARSET=utf8mb4 COLLATE=utf8mb4_general_ci;
/*!40101 SET character_set_client = @saved_cs_client */;

--
-- Dumping data for table `favorito`
--

LOCK TABLES `favorito` WRITE;
/*!40000 ALTER TABLE `favorito` DISABLE KEYS */;
/*!40000 ALTER TABLE `favorito` ENABLE KEYS */;
UNLOCK TABLES;

--
-- Temporary view structure for view `hogar`
--

DROP TABLE IF EXISTS `hogar`;
/*!50001 DROP VIEW IF EXISTS `hogar`*/;
SET @saved_cs_client     = @@character_set_client;
/*!50503 SET character_set_client = utf8mb4 */;
/*!50001 CREATE VIEW `hogar` AS SELECT 
 1 AS `IdTienda`,
 1 AS `DireccionTienda`,
 1 AS `FechaAperturaTienda`,
 1 AS `NombreTienda`,
 1 AS `CalificacionTienda`,
 1 AS `CiudadTienda`,
 1 AS `DescripcionTienda`,
 1 AS `EstadoTienda`,
 1 AS `MiniaturaTienda`,
 1 AS `MiniaturaTiendaURL`,
 1 AS `BannerTienda`,
 1 AS `BannerTiendaURL`,
 1 AS `IdCategoriaFK`,
 1 AS `IdArrendatarioFK`*/;
SET character_set_client = @saved_cs_client;

--
-- Temporary view structure for view `juguetes`
--

DROP TABLE IF EXISTS `juguetes`;
/*!50001 DROP VIEW IF EXISTS `juguetes`*/;
SET @saved_cs_client     = @@character_set_client;
/*!50503 SET character_set_client = utf8mb4 */;
/*!50001 CREATE VIEW `juguetes` AS SELECT 
 1 AS `IdTienda`,
 1 AS `DireccionTienda`,
 1 AS `FechaAperturaTienda`,
 1 AS `NombreTienda`,
 1 AS `CalificacionTienda`,
 1 AS `CiudadTienda`,
 1 AS `DescripcionTienda`,
 1 AS `EstadoTienda`,
 1 AS `MiniaturaTienda`,
 1 AS `MiniaturaTiendaURL`,
 1 AS `BannerTienda`,
 1 AS `BannerTiendaURL`,
 1 AS `IdCategoriaFK`,
 1 AS `IdArrendatarioFK`*/;
SET character_set_client = @saved_cs_client;

--
-- Temporary view structure for view `moda`
--

DROP TABLE IF EXISTS `moda`;
/*!50001 DROP VIEW IF EXISTS `moda`*/;
SET @saved_cs_client     = @@character_set_client;
/*!50503 SET character_set_client = utf8mb4 */;
/*!50001 CREATE VIEW `moda` AS SELECT 
 1 AS `IdTienda`,
 1 AS `DireccionTienda`,
 1 AS `FechaAperturaTienda`,
 1 AS `NombreTienda`,
 1 AS `CalificacionTienda`,
 1 AS `CiudadTienda`,
 1 AS `DescripcionTienda`,
 1 AS `EstadoTienda`,
 1 AS `MiniaturaTienda`,
 1 AS `MiniaturaTiendaURL`,
 1 AS `BannerTienda`,
 1 AS `BannerTiendaURL`,
 1 AS `IdCategoriaFK`,
 1 AS `IdArrendatarioFK`*/;
SET character_set_client = @saved_cs_client;

--
-- Table structure for table `pago`
--

DROP TABLE IF EXISTS `pago`;
/*!40101 SET @saved_cs_client     = @@character_set_client */;
/*!50503 SET character_set_client = utf8mb4 */;
CREATE TABLE `pago` (
  `IdPago` int(11) NOT NULL AUTO_INCREMENT,
  `MontoPago` decimal(10,2) NOT NULL,
  `FechaPago` datetime DEFAULT current_timestamp(),
  `MetodoPago` varchar(50) NOT NULL,
  PRIMARY KEY (`IdPago`)
) ENGINE=InnoDB AUTO_INCREMENT=3 DEFAULT CHARSET=utf8mb4 COLLATE=utf8mb4_general_ci;
/*!40101 SET character_set_client = @saved_cs_client */;

--
-- Dumping data for table `pago`
--

LOCK TABLES `pago` WRITE;
/*!40000 ALTER TABLE `pago` DISABLE KEYS */;
/*!40000 ALTER TABLE `pago` ENABLE KEYS */;
UNLOCK TABLES;

--
-- Table structure for table `pedido`
--

DROP TABLE IF EXISTS `pedido`;
/*!40101 SET @saved_cs_client     = @@character_set_client */;
/*!50503 SET character_set_client = utf8mb4 */;
CREATE TABLE `pedido` (
  `IdPedido` int(11) NOT NULL AUTO_INCREMENT,
  `IdPersonaFK` int(11) NOT NULL,
  `Direccion` varchar(50) DEFAULT NULL,
  `Ciudad` varchar(50) DEFAULT NULL,
  `FechaPedido` datetime DEFAULT current_timestamp(),
  `EstadoPedido` enum('Pendiente','Enviado','Entregado','Cancelado','En Proceso') DEFAULT 'Pendiente',
  `Total` decimal(10,2) NOT NULL,
  `FechaEnvio` datetime DEFAULT NULL,
  `FechaEntrega` datetime DEFAULT NULL,
  PRIMARY KEY (`IdPedido`),
  KEY `IdPersonaFK` (`IdPersonaFK`),
  CONSTRAINT `pedido_ibfk_1` FOREIGN KEY (`IdPersonaFK`) REFERENCES `persona` (`IdPersona`) ON DELETE CASCADE
) ENGINE=InnoDB DEFAULT CHARSET=utf8mb4 COLLATE=utf8mb4_general_ci;
/*!40101 SET character_set_client = @saved_cs_client */;

--
-- Dumping data for table `pedido`
--

LOCK TABLES `pedido` WRITE;
/*!40000 ALTER TABLE `pedido` DISABLE KEYS */;
/*!40000 ALTER TABLE `pedido` ENABLE KEYS */;
UNLOCK TABLES;

--
-- Table structure for table `pedidoproducto`
--

DROP TABLE IF EXISTS `pedidoproducto`;
/*!40101 SET @saved_cs_client     = @@character_set_client */;
/*!50503 SET character_set_client = utf8mb4 */;
CREATE TABLE `pedidoproducto` (
  `IdPedidoFK` int(11) NOT NULL,
  `IdProductoFK` int(11) NOT NULL,
  `Cantidad` int(11) NOT NULL,
  PRIMARY KEY (`IdPedidoFK`,`IdProductoFK`),
  KEY `IdProductoFK` (`IdProductoFK`),
  CONSTRAINT `pedidoproducto_ibfk_1` FOREIGN KEY (`IdPedidoFK`) REFERENCES `pedido` (`IdPedido`) ON DELETE CASCADE,
  CONSTRAINT `pedidoproducto_ibfk_2` FOREIGN KEY (`IdProductoFK`) REFERENCES `producto` (`IdProducto`) ON DELETE CASCADE
) ENGINE=InnoDB DEFAULT CHARSET=utf8mb4 COLLATE=utf8mb4_general_ci;
/*!40101 SET character_set_client = @saved_cs_client */;

--
-- Dumping data for table `pedidoproducto`
--

LOCK TABLES `pedidoproducto` WRITE;
/*!40000 ALTER TABLE `pedidoproducto` DISABLE KEYS */;
/*!40000 ALTER TABLE `pedidoproducto` ENABLE KEYS */;
UNLOCK TABLES;

--
-- Table structure for table `persona`
--

DROP TABLE IF EXISTS `persona`;
/*!40101 SET @saved_cs_client     = @@character_set_client */;
/*!50503 SET character_set_client = utf8mb4 */;
CREATE TABLE `persona` (
  `IdPersona` int(11) NOT NULL AUTO_INCREMENT,
  `NombrePersona` varchar(50) NOT NULL,
  `ApellidoPersona` varchar(50) NOT NULL,
  `CorreoPersona` varchar(50) NOT NULL,
  `DescripcionPersona` text DEFAULT NULL,
  `ClavePersona` blob NOT NULL,
  `EstadoPersona` tinyint(1) DEFAULT 1,
  `TelefonoPersona` varchar(15) DEFAULT NULL,
  `FotoPersona` text DEFAULT NULL,
  `FotoPersonaURL` text DEFAULT NULL,
  `bannerPersona` text DEFAULT NULL,
  `bannerPersonaURL` text DEFAULT NULL,
  `idRolFK` int(11) DEFAULT NULL,
  PRIMARY KEY (`IdPersona`),
  UNIQUE KEY `CorreoPersona` (`CorreoPersona`),
  KEY `FK_Rol_Persona` (`idRolFK`),
  CONSTRAINT `FK_Rol_Persona` FOREIGN KEY (`idRolFK`) REFERENCES `rol` (`idRol`)
) ENGINE=InnoDB AUTO_INCREMENT=24 DEFAULT CHARSET=utf8mb4 COLLATE=utf8mb4_general_ci;
/*!40101 SET character_set_client = @saved_cs_client */;

--
-- Dumping data for table `persona`
--

LOCK TABLES `persona` WRITE;
/*!40000 ALTER TABLE `persona` DISABLE KEYS */;
INSERT INTO `persona` VALUES (20,'ANDRES','SUAREZ','anuellAAA@info.co',' ',_binary '\Ì\\ëVı\Œs\€-C)\·Wèê3yÉ<ÛöYò≥\\ºéÚŒä]™I(\„\—\ÊÅt∏z\ \ﬁ2©˚ªÙEîòS\ﬁ¡?ü\«',1,'2147483647','./uploads/img/persona_avatar/descarga_1726785209057.jpeg','http://localhost:4000/./uploads/img/persona_avatar/descarga_1726785209057.jpeg','./uploads/img/banner/gatito_1726785209061.gif','http://localhost:4000/./uploads/img/banner/gatito_1726785209061.gif',2),(21,'ANDRES','MEZA','andresf@gmail.com',NULL,_binary 'ÔøΩUÔøΩÔøΩVJÔøΩ!)ÔøΩÔøΩggÔøΩkÔøΩ$~NÔøΩSr!Mz@[^oÔøΩÔøΩUÔøΩÃòRHÔøΩÔøΩÔøΩ4ÔøΩÔøΩ(ÔøΩJÔøΩ%ÔøΩ',1,'2147483647',NULL,NULL,NULL,NULL,2),(22,'DANNER','ARIAS','danner@info.com',NULL,_binary 'O\ﬁ÷Ø≥0\ËDåêUŒ∏	n[pV¢\”o7ˆ\ﬂ8[\…\ËU\"NvOMõ.+¿\Ó∫T\rùÇì-pı[\‚¶\◊œ°\Ë=åø\“\Á',1,'2147483647',NULL,NULL,NULL,NULL,3),(23,'Andres','Suarez','androq315@gmail.com',NULL,_binary 'v\ﬂ˚√©båá∞\ÊÆŸ¥ü’µ¡t*&.TÇÕâ8∫næºgﬂ´rªaõbk\ \ﬁH`Çe+{ÒÚ^\·ßÒ\¬c\‘\Z',1,'2147483647',NULL,NULL,NULL,NULL,3);
/*!40000 ALTER TABLE `persona` ENABLE KEYS */;
UNLOCK TABLES;

--
-- Table structure for table `producto`
--

DROP TABLE IF EXISTS `producto`;
/*!40101 SET @saved_cs_client     = @@character_set_client */;
/*!50503 SET character_set_client = utf8mb4 */;
CREATE TABLE `producto` (
  `IdProducto` int(11) NOT NULL AUTO_INCREMENT,
  `NombreProducto` varchar(50) NOT NULL,
  `DescripcionProducto` text DEFAULT NULL,
  `StockProducto` int(11) DEFAULT 0,
  `PrecioProducto` int(11) NOT NULL,
  `FotoProducto` text DEFAULT NULL,
  `FotoProductoURL` text DEFAULT NULL,
  `IdCategoriaFK` int(11) DEFAULT NULL,
  `IdTiendaFK` int(11) DEFAULT NULL,
  PRIMARY KEY (`IdProducto`),
  KEY `FK_Categoria_Producto` (`IdCategoriaFK`),
  KEY `FK_Tienda_Producto` (`IdTiendaFK`),
  CONSTRAINT `FK_Categoria_Producto` FOREIGN KEY (`IdCategoriaFK`) REFERENCES `categoria` (`IdCategoria`),
  CONSTRAINT `FK_Tienda_Producto` FOREIGN KEY (`IdTiendaFK`) REFERENCES `tienda` (`IdTienda`)
) ENGINE=InnoDB AUTO_INCREMENT=39 DEFAULT CHARSET=utf8mb4 COLLATE=utf8mb4_general_ci;
/*!40101 SET character_set_client = @saved_cs_client */;

--
-- Dumping data for table `producto`
--

LOCK TABLES `producto` WRITE;
/*!40000 ALTER TABLE `producto` DISABLE KEYS */;
INSERT INTO `producto` VALUES (6,'rey silente','¬°Presentamos al Rey Silente, la figura suprema de los Necrones en Warhammer 40K! Este impresionante modelo captura a Szarekh en todo su poder, sentado en su trono y flanqueado por sus fieles Triarcas. Perfecto para cualquier coleccionista o jugador que desee comandar la galaxia.\r\n',1,750000,'uploads/img/producto/rey_1725009352229.jpg','http://localhost:4000/uploads/img/producto/rey_1725009352229.jpg',5,30),(7,'caballero del caos','¬°Conoce al Caballero del Caos de Warhammer 40K! Este imponente modelo representa a un tit√°nico Caballero al servicio de las fuerzas del Caos, con detalles siniestros y una apariencia amenazante que destaca en cualquier ej√©rcito. Equipado con armas devastadoras y adornado con iconograf√≠a ca√≥tica, es una pieza clave para los seguidores del Caos que buscan dominar el campo de batalla.\r\n',11,3500000,'uploads/img/producto/caballero_1725009396947.jpg','http://localhost:4000/uploads/img/producto/caballero_1725009396947.jpg',5,30),(8,'ultra marine','¬°Presentamos al Ultramarine! Este modelo de Warhammer 40K captura la esencia de los famosos Marines Espaciales de los Ultramarines, conocidos por su disciplina y valent√≠a. Perfecto para completar tu ej√©rcito o para cualquier colecci√≥n, este soldado est√° detallado con el ic√≥nico esquema de color azul y el s√≠mbolo de los Ultramarines.\r\n\r\n',1,50000,'uploads/img/producto/marine_1725009458032.jpg','http://localhost:4000/uploads/img/producto/marine_1725009458032.jpg',5,30),(9,'fulgrim ','¬°Conoce a Fulgrim, Pr√≠ncipe Demonio de Warhammer 40K! Este impresionante modelo representa a Fulgrim, el Primarca ca√≠do de los Emperadores Hijos, transformado en un temible Pr√≠ncipe Demonio del Caos. Con su dise√±o detallado y su aura de decadencia, es una figura central para cualquier ej√©rcito del Caos y un desaf√≠o formidable en el campo de batalla.\r\n',12,450000,'uploads/img/producto/fulgrim_1725009514488.jpg','http://localhost:4000/uploads/img/producto/fulgrim_1725009514488.jpg',5,30),(10,'rylanor','¬°Conoce a Rylanor, el Despertado, de los Hijos del Emperador! Este modelo representa a uno de los legendarios Guerreros de los Emperadores Hijos, despertado de su largo letargo para unirse a la batalla. Con una est√©tica impresionante y una historia rica en el lore de Warhammer 40K, Rylanor encarna la fuerza y el honor de su legi√≥n',122,120000,'uploads/img/producto/raylanor_1725009551908.jpg','http://localhost:4000/uploads/img/producto/raylanor_1725009551908.jpg',5,30),(11,'Lion ElJonson','¬°Descubre a Lion ElJonson, el Primarca de los √Ångeles Oscuros en Warhammer 40K! Este modelo representa al legendario l√≠der de los √Ångeles Oscuros, conocido por su habilidad en la batalla y su presencia imponente. Con su armadura detallada y su espada de energ√≠a, Lion ElJonson es una figura clave para cualquier ej√©rcito de los √Ångeles Oscuros y un s√≠mbolo de la fuerza de su legi√≥n.\r\n',1,120000,'uploads/img/producto/lion_1725009606156.jpg','http://localhost:4000/uploads/img/producto/lion_1725009606156.jpg',5,30),(12,'Trazin el Infinito','¬°Descubre a Trazin el Infinito, el inmortal Se√±or de la Colecci√≥n de los Necrones en Warhammer 40K! Este modelo captura al enigm√°tico y poderoso Necron, conocido por su obsesi√≥n con la recolecci√≥n de artefactos y secretos del universo. Equipado con su ic√≥nica vara y una armadura intricada, Trazin el Infinito es una pieza clave para cualquier ej√©rcito Necron y un s√≠mbolo de su misterio y poder interminable.\r\n',4,150000,'uploads/img/producto/trazin_1725009643824.jpg','http://localhost:4000/uploads/img/producto/trazin_1725009643824.jpg',5,30),(13,'Ghazghkull Mag Uruk Thraka','¬°Conoce a Ghazghkull Mag Uruk Thraka, el legendario Warboss Orko en Warhammer 40K! Este modelo representa al temido l√≠der de los Orkos, conocido por su incre√≠ble poder y habilidad para liderar a sus huestes en la batalla. Con su impresionante armadura de guerra, su ic√≥nico kustom mega-blasta y su presencia imponente, Ghazghkull es un pilar central en cualquier ej√©rcito Orko y una figura clave en la lucha por la dominaci√≥n del universo.\r\n',16,180000,'uploads/img/producto/mag_1725009686389.jpg','http://localhost:4000/uploads/img/producto/mag_1725009686389.jpg',5,30),(14,'Blazer Cl√°sico','¬°Eleva tu estilo con nuestro Blazer Cl√°sico! Este blazer es la combinaci√≥n perfecta de elegancia y versatilidad, ideal para cualquier ocasi√≥n, ya sea en el trabajo o en eventos formales. Confeccionado en tela de alta calidad, presenta un corte impecable, solapas de muesca y un ajuste c√≥modo. Disponible en una variedad de colores sofisticados, es una prenda esencial para el guardarropa de cualquier persona que busque un toque de distinci√≥n y profesionalismo en su vestimenta.\r\n',145,220000,'uploads/img/producto/blazer_1725009740549.jpg','http://localhost:4000/uploads/img/producto/blazer_1725009740549.jpg',1,27),(15,'Gaban Elegante','¬°Mantente abrigado y a la moda con nuestro Gaban Elegante! Este gaban es perfecto para climas fr√≠os, ofreciendo un dise√±o sofisticado y funcional. Confeccionado en tejido de alta calidad, cuenta con un corte moderno, cuello alto y botones detallados que aportan un toque de distinci√≥n. Ideal para ocasiones formales o para a√±adir un toque elegante a tu atuendo diario, este gaban es una pieza clave para tu armario durante la temporada de¬†fr√≠o.\r\n',56,320000,'uploads/img/producto/gaban_1725009778264.jpg','http://localhost:4000/uploads/img/producto/gaban_1725009778264.jpg',1,27),(16,'Abrigo de Lana Refinado','¬°A√±ade un toque de sofisticaci√≥n a tu guardarropa con nuestro Abrigo de Lana Refinado! Confeccionado en lana de alta calidad, este abrigo ofrece una calidez excepcional y un ajuste elegante. Su dise√±o cl√°sico incluye un corte entallado, botones forrados y un cuello de solapa, ideal para combinar con cualquier atuendo formal o casual. Perfecto para enfrentar el fr√≠o con estilo, este abrigo es una inversi√≥n en elegancia y confort durante la temporada de invierno.\r\n',12,450000,'uploads/img/producto/abrigo_1725009814020.jpg','http://localhost:4000/uploads/img/producto/abrigo_1725009814020.jpg',1,27),(17,'Gaban Cl√°sico para Hombre','¬°Mant√©n el estilo y el confort con nuestro Gaban Cl√°sico para Hombre! Este gaban, confeccionado en un tejido de lana premium, ofrece una combinaci√≥n perfecta de elegancia y funcionalidad. Con un corte ajustado y sofisticado, presenta un cuello alto y botones elegantes que brindan una protecci√≥n adicional contra el fr√≠o. Ideal para ocasiones formales o para a√±adir un toque refinado a tu atuendo diario, este gaban es esencial para cualquier armario masculino durante la temporada de¬†fr√≠o.\r\n',78,350000,'uploads/img/producto/gaban clasico_1725009859808.jpg','http://localhost:4000/uploads/img/producto/gaban clasico_1725009859808.jpg',1,27),(18,'Chaqueta Corta de Viento','¬°Prep√°rate para cualquier aventura con nuestra Chaqueta Corta de Viento! Dise√±ada para ofrecer protecci√≥n contra el viento y la lluvia ligera, esta chaqueta est√° confeccionada en un material ligero y resistente al agua. Su corte moderno y ajustado proporciona un estilo din√°mico, mientras que la capucha ajustable y los bolsillos funcionales a√±aden comodidad y practicidad. Ideal para actividades al aire libre o para un look casual en d√≠as ventosos, esta chaqueta es tu compa√±era perfecta para el clima cambiante.\r\n',12,180000,'uploads/img/producto/corta_1725009898515.jpg','http://localhost:4000/uploads/img/producto/corta_1725009898515.jpg',1,27),(19,'Ropa Infantil Divertida y C√≥moda','¬°Haz que cada d√≠a sea una aventura con nuestra Ropa Infantil Divertida y C√≥moda! Nuestra colecci√≥n est√° dise√±ada pensando en la comodidad y el estilo de los m√°s peque√±os. Ofrecemos una variedad de prendas, desde coloridos conjuntos y camisetas con estampados alegres hasta pantalones y chaquetas resistentes y pr√°cticos. Con tejidos suaves y duraderos, nuestras prendas garantizan libertad de movimiento y facilidad de uso para que los ni√±os puedan jugar y explorar con total libertad. Perfecta para cualquier ocasi√≥n, nuestra ropa infantil combina funcionalidad con diversi√≥n.\r\n',1,80000,'uploads/img/producto/ni√É¬±o_1725010133032.jpg','http://localhost:4000/uploads/img/producto/ni√É¬±o_1725010133032.jpg',1,27),(20,'Blazer Slim para Hombre','¬°A√±ade un toque de sofisticaci√≥n a tu vestuario con nuestro Blazer Slim para Hombre! Este blazer, con un corte ajustado y moderno, est√° dise√±ado para realzar tu figura y proporcionar un look elegante y contempor√°neo. Confeccionado en tejido de alta calidad, ofrece un acabado impecable y un ajuste c√≥modo. Ideal para eventos formales, reuniones de trabajo o una salida nocturna, su dise√±o vers√°til se adapta a cualquier ocasi√≥n. Disponible en una gama de colores cl√°sicos, este blazer es una pieza esencial para cualquier armario masculino.\r\n',56,250000,'uploads/img/producto/slim_1725010173632.jpg','http://localhost:4000/uploads/img/producto/slim_1725010173632.jpg',1,27),(21,'Saco de Vestir para Hombre La Martina','¬°Eleva tu estilo con el Saco de Vestir para Hombre La Martina! Con un dise√±o sofisticado y un corte impecable, este saco de vestir est√° confeccionado en tejidos de alta calidad que garantizan un ajuste c√≥modo y elegante. Ideal para ocasiones formales y eventos especiales, su dise√±o cl√°sico incluye solapas de muesca y detalles refinados que realzan cualquier atuendo. Disponible en colores neutros y vers√°tiles, es la elecci√≥n perfecta para el hombre moderno que busca combinar estilo y distinci√≥n en cada ocasi√≥n.\r\n\r\n',21,320000,'uploads/img/producto/saco_1725010236615.jpg','http://localhost:4000/uploads/img/producto/saco_1725010236615.jpg',1,27),(22,'Hamburguesa Artesanal','¬°Del√©itate con nuestra Hamburguesa Artesanal! Preparada con ingredientes frescos y de alta calidad, esta hamburguesa ofrece un sabor aut√©ntico y una textura jugosa que resalta la artesan√≠a detr√°s de cada bocado. Con una carne de res seleccionada, cocida a la perfecci√≥n y acompa√±ada de pan artesanal, vegetales frescos y salsas caseras, cada hamburguesa est√° dise√±ada para brindar una experiencia gastron√≥mica √∫nica. Personaliza tu hamburguesa con una variedad de ingredientes adicionales y disfruta de un plato que celebra la calidad y el sabor.\r\n\r\n',50,150000,'uploads/img/producto/comer_1725010333957.jpg','http://localhost:4000/uploads/img/producto/comer_1725010333957.jpg',9,28),(23,' Perro Caliente Cl√°sico','¬°Disfruta del sabor inconfundible de nuestro Perro Caliente Cl√°sico! Preparado con una salchicha jugosa y cocida a la perfecci√≥n, este perro caliente est√° servido en un pan suave y fresco. Complementado con tus condimentos favoritos, como mostaza, ketchup, cebolla crujiente y relish, es el bocadillo perfecto para cualquier ocasi√≥n. Ideal para un almuerzo r√°pido o una merienda informal, nuestro perro caliente combina simplicidad y sabor en cada bocado.\r\n',34,45000,'uploads/img/producto/perroc_1725010385955.jpg','http://localhost:4000/uploads/img/producto/perroc_1725010385955.jpg',9,28),(24,'Donas Gourmet','¬°D√©jate seducir por nuestras Donas Gourmet! Elaboradas con recetas artesanales, estas donas ofrecen una experiencia dulce y deliciosa en cada bocado. Disponibles en una variedad de sabores, desde glaseado cl√°sico hasta combinaciones innovadoras, cada dona est√° hecha con ingredientes frescos y de alta calidad. Perfectas para acompa√±ar tu caf√© matutino o como un capricho dulce durante el d√≠a, nuestras donas son el toque perfecto para cualquier ocasi√≥n.',45,25000,'uploads/img/producto/donas_1725010490693.jpg','http://localhost:4000/uploads/img/producto/donas_1725010490693.jpg',9,28),(25,'Empanadas Caseras','¬°Saborea nuestras Empanadas Caseras, el aut√©ntico sabor en cada bocado! Hechas con una masa crujiente y dorada, estas empanadas est√°n rellenas con ingredientes frescos y de alta calidad, como carne jugosa, pollo tierno o una mezcla deliciosa de vegetales y quesos. Perfectas para un aperitivo, un almuerzo r√°pido o una cena informal, nuestras empanadas ofrecen un equilibrio perfecto entre sabor y textura. Ven y disfruta de este cl√°sico delicioso y reconfortante.\r\n',35,20000,'uploads/img/producto/Imagen de WhatsApp 2024-08-30 a las 01_1725010536040.jpg','http://localhost:4000/uploads/img/producto/Imagen de WhatsApp 2024-08-30 a las 01_1725010536040.jpg',9,28),(26,' Salchipapa Sabrosa','¬°Descubre nuestra Salchipapa Sabrosa, una combinaci√≥n irresistible de papas fritas crujientes y salchichas jugosas! Cada porci√≥n presenta papas reci√©n fritas y doradas, acompa√±adas de salchichas de alta calidad, cocidas a la perfecci√≥n. Puedes personalizar tu salchipapa con una variedad de salsas y condimentos, como ketchup, mayonesa, mostaza o salsa picante, para un toque adicional de sabor. Ideal para compartir con amigos o disfrutar como una comida r√°pida y deliciosa, nuestra salchipapa es un cl√°sico que siempre satisface.\r\n',67,30000,'uploads/img/producto/salchipapa_1725010594259.jpg','http://localhost:4000/uploads/img/producto/salchipapa_1725010594259.jpg',9,28),(29,'Poppy, La Perrita Que Mueve La Cola','\r\n¬°Conoce a Poppy, La Perrita Que Mueve La Cola, el juguete perfecto para tu amigo peludo! Dise√±ada para proporcionar horas de diversi√≥n, Poppy tiene un mecanismo interno que hace que su cola se mueva y suena con diferentes melod√≠as, manteniendo a tu mascota entretenida y activa. Hecha de materiales resistentes y seguros, este juguete es ideal para fomentar el ejercicio y el juego interactivo. ¬°Aseg√∫rate de que tu mascota tenga su propia Poppy para una experiencia de juego divertida y estimulante!\r\n',13,50000,'uploads/img/producto/pero_1725010815942.jpg','http://localhost:4000/uploads/img/producto/pero_1725010815942.jpg',5,29),(31,'Mu√±eca Baby Alive Bebidas de Frutas Manzana 30 cm','¬°Descubre la magia de la Mu√±eca Baby Alive Bebidas de Frutas Manzana de 30 cm! Esta encantadora mu√±eca est√° lista para jugar y simular la hora del t√© con su botella de jugo de manzana y su funcionalidad de bebida. Con una apariencia realista y una actitud adorable, Baby Alive puede \"beber\" su jugo y tener una experiencia interactiva que encantar√° a los m√°s peque√±os. Perfecta para juegos de simulaci√≥n y cuidado, esta mu√±eca fomenta la imaginaci√≥n y el juego creativo.\r\n',1,85000,'uploads/img/producto/MU√É¬ëECA_1725011017473.jpg','http://localhost:4000/uploads/img/producto/MU√É¬ëECA_1725011017473.jpg',5,29),(32,'Set City Ultimate Garage','¬°Prep√°rate para una aventura emocionante con el Set City Ultimate Garage! Este impresionante set de garaje de la ciudad ofrece un mundo de diversi√≥n con m√∫ltiples niveles, estaciones de servicio, y una pista de carreras incre√≠ble. Equipado con rampas, ascensores y varios accesorios, el Ultimate Garage permite a los ni√±os crear sus propias historias de acci√≥n y aventura mientras juegan con sus coches y camiones favoritos. Ideal para fomentar la creatividad y el juego interactivo, este set es perfecto para peque√±os entusiastas de los veh√≠culos y constructores en ciernes.\r\n',24,250000,'uploads/img/producto/CARROS_1725011075634.jpg','http://localhost:4000/uploads/img/producto/CARROS_1725011075634.jpg',5,29),(33,'Juego Laboratorio de Ciencia - Clementoni','¬°Explora el fascinante mundo de la ciencia con el Juego Laboratorio de Ciencia - Clementoni! Este completo set ofrece a los j√≥venes cient√≠ficos una variedad de experimentos y actividades educativas que estimulan la curiosidad y el aprendizaje. Incluye herramientas y materiales seguros para realizar experimentos como mezclas qu√≠micas, reacciones y proyectos divertidos. Con instrucciones claras y f√°ciles de seguir, el laboratorio permite a los ni√±os desarrollar habilidades cient√≠ficas mientras se divierten descubriendo los secretos de la ciencia. Ideal para fomentar el inter√©s en la investigaci√≥n y la experimentaci√≥n desde una edad temprana.\r\n',56,120000,'uploads/img/producto/Imagen de WhatsApp 2024-08-30 a las 02_1725011157776.jpg','http://localhost:4000/uploads/img/producto/Imagen de WhatsApp 2024-08-30 a las 02_1725011157776.jpg',5,29),(34,' Figura Spawn Mortal Kombat 11 Articulada de 18 cm','¬°A√±ade a tu colecci√≥n la incre√≠ble Figura Spawn Mortal Kombat 11! Esta figura articulada de 18 cm captura la esencia del ic√≥nico personaje de Mortal Kombat con un nivel impresionante de detalle. Dise√±ada con m√∫ltiples puntos de articulaci√≥n, permite poseer y exhibir a Spawn en una variedad de posiciones din√°micas. Incluye accesorios exclusivos que realzan su apariencia, como su capa caracter√≠stica y armas emblem√°ticas, para una experiencia de colecci√≥n completa. Perfecta para fan√°ticos y coleccionistas de Mortal Kombat, esta figura es una pieza imprescindible para cualquier estante de figuras.\r\n',7,150000,'uploads/img/producto/FIGUA_1725011242330.jpg','http://localhost:4000/uploads/img/producto/FIGUA_1725011242330.jpg',5,29),(35,' Star Wars The Child Baby Yoda The Mandalorian con','¬°Sum√©rgete en el universo de Star Wars con la adorable figura de Baby Yoda de The Mandalorian! Este detallado juguete de 12 pulgadas captura la ternura y el encanto del ic√≥nico personaje con una alta calidad de acabado. Incluye 4 accesorios exclusivos que permiten recrear momentos memorables de la serie, como su manta y su c√∫pula de transporte. Con una construcci√≥n robusta y detalles precisos, esta figura es perfecta para coleccionistas y fan√°ticos de todas las edades. ¬°No te pierdas la oportunidad de tener a este peque√±o y querido personaje en tu colecci√≥n!\r\n',456,120000,'uploads/img/producto/BABY_1725011334387.jpg','http://localhost:4000/uploads/img/producto/BABY_1725011334387.jpg',5,29),(36,'Figura de Acci√≥n Buzz Lightyear | Soriana','\r\n¬°Haz que la aventura despegue con la Figura de Acci√≥n Buzz Lightyear! Basada en el querido personaje de Toy Story, esta figura de acci√≥n presenta a Buzz Lightyear en toda su gloria espacial con detalles aut√©nticos y accesorios interactivos. Con una altura aproximada de 15 cm, Buzz est√° equipado con alas extensibles, un casco removible y una variedad de articulaciones que permiten m√∫ltiples poses y movimientos. Ideal para recrear emocionantes escenas del espacio o para exhibir en tu colecci√≥n, esta figura captura la esencia del intr√©pido guardi√°n estelar. Perfecta para fans de todas las edades.\r\n',1,75000,'uploads/img/producto/BUZZ_1725011717323.jpg','http://localhost:4000/uploads/img/producto/BUZZ_1725011717323.jpg',5,29);
/*!40000 ALTER TABLE `producto` ENABLE KEYS */;
UNLOCK TABLES;

--
-- Temporary view structure for view `promedio_calificacion_tienda`
--

DROP TABLE IF EXISTS `promedio_calificacion_tienda`;
/*!50001 DROP VIEW IF EXISTS `promedio_calificacion_tienda`*/;
SET @saved_cs_client     = @@character_set_client;
/*!50503 SET character_set_client = utf8mb4 */;
/*!50001 CREATE VIEW `promedio_calificacion_tienda` AS SELECT 
 1 AS `IdTienda`,
 1 AS `NombreTienda`,
 1 AS `MiniaturaTiendaURL`,
 1 AS `DescripcionTienda`,
 1 AS `PromedioCalificacion`*/;
SET character_set_client = @saved_cs_client;

--
-- Table structure for table `rol`
--

DROP TABLE IF EXISTS `rol`;
/*!40101 SET @saved_cs_client     = @@character_set_client */;
/*!50503 SET character_set_client = utf8mb4 */;
CREATE TABLE `rol` (
  `idRol` int(11) NOT NULL AUTO_INCREMENT,
  `NombreRol` varchar(20) NOT NULL,
  PRIMARY KEY (`idRol`)
) ENGINE=InnoDB AUTO_INCREMENT=4 DEFAULT CHARSET=utf8mb4 COLLATE=utf8mb4_general_ci;
/*!40101 SET character_set_client = @saved_cs_client */;

--
-- Dumping data for table `rol`
--

LOCK TABLES `rol` WRITE;
/*!40000 ALTER TABLE `rol` DISABLE KEYS */;
INSERT INTO `rol` VALUES (1,'Arrendatario'),(2,'Administrador'),(3,'Cliente');
/*!40000 ALTER TABLE `rol` ENABLE KEYS */;
UNLOCK TABLES;

--
-- Table structure for table `tienda`
--

DROP TABLE IF EXISTS `tienda`;
/*!40101 SET @saved_cs_client     = @@character_set_client */;
/*!50503 SET character_set_client = utf8mb4 */;
CREATE TABLE `tienda` (
  `IdTienda` int(11) NOT NULL AUTO_INCREMENT,
  `DireccionTienda` varchar(100) NOT NULL,
  `FechaAperturaTienda` datetime DEFAULT current_timestamp(),
  `NombreTienda` varchar(50) NOT NULL,
  `CalificacionTienda` decimal(2,1) DEFAULT 0.0,
  `CiudadTienda` varchar(20) DEFAULT NULL,
  `DescripcionTienda` text DEFAULT NULL,
  `EstadoTienda` tinyint(1) DEFAULT 1,
  `MiniaturaTienda` text DEFAULT NULL,
  `MiniaturaTiendaURL` text DEFAULT NULL,
  `BannerTienda` text DEFAULT NULL,
  `BannerTiendaURL` text DEFAULT NULL,
  `IdCategoriaFK` int(11) DEFAULT NULL,
  `IdArrendatarioFK` int(11) DEFAULT NULL,
  PRIMARY KEY (`IdTienda`),
  KEY `FK_Categoria_Tienda` (`IdCategoriaFK`),
  KEY `FK_Arrendatario_Tienda` (`IdArrendatarioFK`),
  CONSTRAINT `FK_Arrendatario_Tienda` FOREIGN KEY (`IdArrendatarioFK`) REFERENCES `arrendatario` (`IdArrendatario`),
  CONSTRAINT `FK_Categoria_Tienda` FOREIGN KEY (`IdCategoriaFK`) REFERENCES `categoria` (`IdCategoria`)
) ENGINE=InnoDB AUTO_INCREMENT=46 DEFAULT CHARSET=utf8mb4 COLLATE=utf8mb4_general_ci;
/*!40101 SET character_set_client = @saved_cs_client */;

--
-- Dumping data for table `tienda`
--

LOCK TABLES `tienda` WRITE;
/*!40000 ALTER TABLE `tienda` DISABLE KEYS */;
INSERT INTO `tienda` VALUES (27,'Direcci√≥n: Calle 72 #15-20, Oficina¬†203','2024-08-30 08:50:29','Moda √önica',0.0,'Pereira','Ubicada en Calle 72 #15-20, Oficina 203, Moda √önica es tu destino para ropa y accesorios exclusivos. Ofrecemos una selecci√≥n √∫nica de prendas que combinan tendencias actuales con un toque personal. Ven y descubre c√≥mo encontrar el estilo que te¬†hace¬†destacar.',1,'./uploads/img/tienda_miniatura/modaunica_1725007829671.jpg','http://localhost:4000/./uploads/img/tienda_miniatura/modaunica_1725007829671.jpg','./uploads/img/tienda_banner/modaunica1_1725007829676.jpg','http://localhost:4000/./uploads/img/tienda_banner/modaunica1_1725007829676.jpg',1,10),(28,'Direcci√≥n: Carrera 65 #14-20,¬†Local¬†5','2024-08-30 08:51:41','Burgers Expressss',0.0,'Medell√≠n','Ubicado en Carrera 65 #14-20, Local 5, Burgers Express es tu lugar para disfrutar de hamburguesas deliciosas y r√°pidas. Con una oferta que abarca desde las cl√°sicas hasta las m√°s innovadoras, cada bocado est√° preparado con ingredientes frescos y de alta calidad. Ideal para una comida r√°pida o una cena informal, nuestro ambiente acogedor y servicio √°gil garantizan una experiencia satisfactoria. Ven a Burgers Express y saborea la mejor hamburguesa¬†de¬†la¬†ciudad.',1,'./uploads/img/tienda_miniatura/burger_1725007901215.jpg','http://localhost:4000/./uploads/img/tienda_miniatura/burger_1725007901215.jpg','./uploads/img/tienda_banner/burger1_1725007901216.jpg','http://localhost:4000/./uploads/img/tienda_banner/burger1_1725007901216.jpg',3,10),(29,'Direcci√≥n: Calle 45 #12-34, Local¬†2A','2024-08-30 08:52:23','Addi ',0.0,'Bogota','Ubicado en Calle 45 #12-34, Local 2A, Addi es tu tienda de juguetes ideal en Bogot√°. Ofrecemos una amplia gama de juguetes para todas las edades, desde los m√°s cl√°sicos hasta las √∫ltimas novedades del mercado. Nuestro compromiso es proporcionar productos de alta calidad que fomenten la creatividad y el desarrollo infantil. En Addi, encontrar√°s un ambiente divertido y acogedor, perfecto para encontrar el regalo perfecto o simplemente disfrutar de una experiencia de¬†compra¬†√∫nica',1,'./uploads/img/tienda_miniatura/addi_1725007943072.jpg','http://localhost:4000/./uploads/img/tienda_miniatura/addi_1725007943072.jpg','./uploads/img/tienda_banner/addi1_1725007943074.jpg','http://localhost:4000/./uploads/img/tienda_banner/addi1_1725007943074.jpg',5,10),(30,'Direcci√≥n: Calle 56 #22-10,¬†Local¬†3','2024-08-30 08:53:07','adeptus creaticus show center',0.0,'Cali','Ubicado en Calle 56 #22-10, Local 3, Adeptus Creaticus Show Center es el lugar ideal para los entusiastas de los juegos y el entretenimiento. Especializados en ofrecer una experiencia √∫nica, nuestro centro presenta una variedad de actividades y eventos relacionados con la cultura geek, incluyendo exposiciones, torneos y presentaciones en vivo. Con un ambiente vibrante y acogedor, Adeptus Creaticus se dedica a proporcionar un espacio donde los aficionados puedan disfrutar de sus pasatiempos favoritos y conectar con otros entusiastas. Ven y √∫nete a la diversi√≥n en Adeptus Creaticus¬†Show¬†Center.',1,'./uploads/img/tienda_miniatura/adeptus_1725007987434.jpg','http://localhost:4000/./uploads/img/tienda_miniatura/adeptus_1725007987434.jpg','./uploads/img/tienda_banner/adeptus1_1725007987437.jpg','http://localhost:4000/./uploads/img/tienda_banner/adeptus1_1725007987437.jpg',5,10),(31,'Direcci√≥n: Carrera 34 #15-27,¬†Local¬†1B','2024-08-30 08:54:26','tool herramientas',0.0,'Barranquilla','Ubicado en Carrera 34 #15-27, Local 1B, Tool Herramientas es tu proveedor confiable de herramientas y equipos en Medell√≠n. Ofrecemos una amplia gama de herramientas manuales y el√©ctricas de alta calidad, ideales para profesionales y aficionados al bricolaje. Nuestro compromiso es brindar productos duraderos y un servicio al cliente excepcional. Ya sea que necesites herramientas para proyectos dom√©sticos o industriales, en Tool Herramientas encontrar√°s lo que buscas. Vis√≠tanos y descubre¬†nuestra¬†oferta.',1,'./uploads/img/tienda_miniatura/tools_1725008066277.jpg','http://localhost:4000/./uploads/img/tienda_miniatura/tools_1725008066277.jpg','./uploads/img/tienda_banner/tools1_1725008066279.jpg','http://localhost:4000/./uploads/img/tienda_banner/tools1_1725008066279.jpg',3,10),(32,'Direcci√≥n: Calle 10 #5-43,¬†Local¬†2','2024-08-30 08:55:04','soft furnishing',0.0,'Bucaramanga','Ubicado en Calle 10 #5-43, Local 2, Soft Furnishing es tu destino para art√≠culos de decoraci√≥n y textiles para el hogar en Bogot√°. Especializados en cortinas, cojines, alfombras y otros accesorios que aportan confort y estilo a tus espacios, ofrecemos productos de alta calidad y dise√±o. Nuestro equipo est√° dedicado a ayudarte a encontrar las soluciones perfectas para embellecer tu hogar con elegancia y¬†funcionalidad.',1,'./uploads/img/tienda_miniatura/sofa_1725008104087.jpg','http://localhost:4000/./uploads/img/tienda_miniatura/sofa_1725008104087.jpg','./uploads/img/tienda_banner/sofa1_1725008104102.jpg','http://localhost:4000/./uploads/img/tienda_banner/sofa1_1725008104102.jpg',3,10),(33,'Direcci√≥n: Carrera 50 #10-65,¬†Local¬†7','2024-08-30 08:56:07','PetHaven',0.0,'Manizales','Ubicado en Carrera 50 #10-65, Local 7, PetHaven es tu tienda especializada en productos y servicios para mascotas en Bogot√°. Ofrecemos una amplia gama de alimentos, juguetes, accesorios y productos de cuidado para perros, gatos y otras mascotas. Nuestro objetivo es proporcionar a tus compa√±eros peludos lo mejor en calidad y confort, con un servicio amable y experto que te ayudar√° a encontrar todo lo que necesitas para el bienestar de tus animales. Vis√≠tanos y descubre c√≥mo podemos mejorar la vida de¬†tus¬†mascotas.',1,'./uploads/img/tienda_miniatura/perito_1725008167600.jpg','http://localhost:4000/./uploads/img/tienda_miniatura/perito_1725008167600.jpg','./uploads/img/tienda_banner/perito1_1725008167602.jpg','http://localhost:4000/./uploads/img/tienda_banner/perito1_1725008167602.jpg',3,10),(34,'Direcci√≥n: Calle 68 #18-40,¬†Local','2024-08-30 08:57:01','almacen macrodent',0.0,'Bucaramanga','Ubicado en Calle 68 #18-40, Local 5, Almac√©n Macrodent en Bogot√° es tu tienda especializada en productos dentales y de cuidado oral. Ofrecemos una amplia gama de suministros dentales, equipos y accesorios de alta calidad para profesionales del sector y para el cuidado personal. Nuestro objetivo es proporcionar productos confiables que apoyen la salud dental y oral. Vis√≠tanos para encontrar todo lo que necesitas para mantener sonrisas¬†saludables.',1,'./uploads/img/tienda_miniatura/alma_1725008221586.jpg','http://localhost:4000/./uploads/img/tienda_miniatura/alma_1725008221586.jpg','./uploads/img/tienda_banner/alma1_1725008221587.jpg','http://localhost:4000/./uploads/img/tienda_banner/alma1_1725008221587.jpg',6,10),(35,'Direcci√≥n: Calle 63 #12-18, Oficina¬†201','2024-08-30 08:57:56','Sonrisa Perfecta',0.0,'Santa Marta','Ubicado en Calle 63 #12-18, Oficina 201, Sonrisa Perfecta en Bogot√° es tu cl√≠nica dental especializada en proporcionar tratamientos y servicios para lograr una sonrisa saludable y est√©tica. Ofrecemos una gama completa de servicios dentales, desde limpiezas y blanqueamientos hasta ortodoncia y tratamientos reconstructivos. Nuestro equipo de profesionales est√° dedicado a ofrecer cuidados personalizados para mejorar tu salud bucal y lograr resultados¬†excepcionales.',1,'./uploads/img/tienda_miniatura/diente_1725008276132.jpg','http://localhost:4000/./uploads/img/tienda_miniatura/diente_1725008276132.jpg','./uploads/img/tienda_banner/diente1_1725008276134.jpg','http://localhost:4000/./uploads/img/tienda_banner/diente1_1725008276134.jpg',6,10),(36,'Direcci√≥n: Calle 45 #8-30,¬†Local¬†1','2024-08-30 08:59:19','suchi bar',0.0,'Quibd√≥','Ubicado en Calle 45 #8-30, Local 1, Suchi Bar en Bogot√° es el lugar perfecto para disfrutar de sushi fresco y deliciosos platos de la cocina japonesa. Ofrecemos una amplia variedad de rollos, sashimi y nigiri, preparados con ingredientes de alta calidad en un ambiente acogedor y moderno. Nuestro men√∫ est√° dise√±ado para satisfacer todos los gustos, desde los m√°s tradicionales hasta las combinaciones m√°s innovadoras. Ven y vive una experiencia culinaria √∫nica¬†en¬†Suchi¬†Bar.',1,'./uploads/img/tienda_miniatura/sushi1_1725008359945.jpg','http://localhost:4000/./uploads/img/tienda_miniatura/sushi1_1725008359945.jpg','./uploads/img/tienda_banner/sushi_1725008359948.jpg','http://localhost:4000/./uploads/img/tienda_banner/sushi_1725008359948.jpg',3,10),(37,'Direcci√≥n: Carrera 34 #22-45,¬†Local¬†3B','2024-08-30 09:00:08','PixelPlay',0.0,'Ibagu√©','Ubicado en Carrera 34 #22-45, Local 3B, PixelPlay en Ibagu√© es tu destino para todo lo relacionado con videojuegos y tecnolog√≠a. Ofrecemos una amplia gama de consolas, juegos, accesorios y productos de entretenimiento digital en un entorno moderno y emocionante. Ya sea que busques lo √∫ltimo en videojuegos o necesitas asesoramiento sobre tecnolog√≠a, nuestro equipo est√° aqu√≠ para ayudarte a encontrar lo que necesitas para disfrutar al m√°ximo de tus pasatiempos¬†favoritos.',1,'./uploads/img/tienda_miniatura/juegos_1725008408026.jpg','http://localhost:4000/./uploads/img/tienda_miniatura/juegos_1725008408026.jpg','./uploads/img/tienda_banner/juegos1_1725008408028.jpg','http://localhost:4000/./uploads/img/tienda_banner/juegos1_1725008408028.jpg',5,10),(38,'Direcci√≥n: Calle 55 #18-20,¬†Local¬†3','2024-08-30 09:00:49','Tacos El Rey',0.0,'C√∫cuta','Ubicado en Calle 55 #18-20, Local 3, Tacos El Rey en C√∫cuta es el lugar perfecto para disfrutar de aut√©nticos tacos mexicanos. Ofrecemos una deliciosa variedad de tacos, desde los tradicionales hasta nuestras especialidades exclusivas, preparados con ingredientes frescos y sabrosos. Ven y prueba nuestros tacos en un ambiente amigable y acogedor, donde cada bocado te transportar√° al coraz√≥n¬†de¬†M√©xico.',1,'./uploads/img/tienda_miniatura/tacos_1725008449379.jpg','http://localhost:4000/./uploads/img/tienda_miniatura/tacos_1725008449379.jpg','./uploads/img/tienda_banner/taco1_1725008449381.jpg','http://localhost:4000/./uploads/img/tienda_banner/taco1_1725008449381.jpg',3,10),(39,'Direcci√≥n: Calle 42 #15-20,¬†Local¬†1','2024-08-30 09:01:39','Barber√≠a El Cl√°sico',0.0,'Pereira','Ubicada en Calle 42 #15-20, Local 1, Barber√≠a El Cl√°sico en Pereira es el lugar ideal para obtener cortes de cabello y arreglos de barba con un toque tradicional y profesional. Ofrecemos un ambiente relajado y un servicio personalizado para cada cliente, asegurando que cada visita sea una experiencia de cuidado personal √∫nica. Ven y disfruta de nuestro servicio de barber√≠a de calidad, donde la tradici√≥n y la moda¬†se¬†encuentran',1,'./uploads/img/tienda_miniatura/barba_1725008499858.jpg','http://localhost:4000/./uploads/img/tienda_miniatura/barba_1725008499858.jpg','./uploads/img/tienda_banner/barba1_1725008499859.jpg','http://localhost:4000/./uploads/img/tienda_banner/barba1_1725008499859.jpg',3,10),(40,'Direcci√≥n: Carrera 20 #8-55,¬†Local','2024-08-30 09:02:20','Pollo Real',0.0,'Bucaramanga','Ubicado en Carrera 20 #8-55, Local 4, Pollo Real en Bucaramanga es tu destino para disfrutar del mejor pollo a la brasa de la ciudad. Ofrecemos una variedad de platos con pollo jugoso y bien sazonado, acompa√±ado de guarniciones frescas y deliciosas. Nuestro compromiso es brindar una experiencia gastron√≥mica excepcional en un ambiente acogedor y familiar. Ven y descubre por qu√© Pollo Real es el rey del pollo a la brasa¬†en¬†Bucaramanga.',1,'./uploads/img/tienda_miniatura/pollo_1725008540150.jpg','http://localhost:4000/./uploads/img/tienda_miniatura/pollo_1725008540150.jpg','./uploads/img/tienda_banner/pollo1_1725008540152.jpg','http://localhost:4000/./uploads/img/tienda_banner/pollo1_1725008540152.jpg',3,10),(41,'Direcci√≥n: Calle 45 #8-22,¬†Local¬†3','2024-08-30 09:02:56','Hamburguesas La Roca',0.0,'Neiva','Ubicado en Calle 45 #8-22, Local 3, Hamburguesas La Roca en Neiva es el lugar perfecto para disfrutar de hamburguesas jugosas y sabrosas. Ofrecemos una amplia variedad de hamburguesas gourmet, preparadas con ingredientes frescos y de alta calidad. Desde opciones cl√°sicas hasta creaciones innovadoras, nuestro men√∫ est√° dise√±ado para satisfacer todos los gustos. Ven a Hamburguesas La Roca y experimenta el aut√©ntico sabor de una hamburguesa bien hecha en un ambiente c√≥modo¬†y¬†amigable.',1,'./uploads/img/tienda_miniatura/roca_1725008576424.jpg','http://localhost:4000/./uploads/img/tienda_miniatura/roca_1725008576424.jpg','./uploads/img/tienda_banner/roca1_1725008576426.jpg','http://localhost:4000/./uploads/img/tienda_banner/roca1_1725008576426.jpg',3,10),(42,'Direcci√≥n: Calle 72 #15-30, Bogot√°, Colombia','2024-08-30 09:11:13','Urban Style',0.0,'Bogot√°','Ubicada en el coraz√≥n de Bogot√°, Urban Style es la tienda de moda masculina que redefine el estilo urbano. Ofrecemos una selecci√≥n cuidadosamente curada de ropa y accesorios modernos, pensados para el hombre actual que busca destacar en cualquier entorno. Con un enfoque en calidad y tendencias, aqu√≠ encontrar√°s desde piezas b√°sicas hasta las m√°s vanguardistas, todo bajo un mismo techo.\r\n',1,'./uploads/img/tienda_miniatura/mens_1725009073581.jpg','http://localhost:4000/./uploads/img/tienda_miniatura/mens_1725009073581.jpg','./uploads/img/tienda_banner/mens1_1725009073589.jpg','http://localhost:4000/./uploads/img/tienda_banner/mens1_1725009073589.jpg',1,10),(43,'Carrera 52 #44-30','2024-08-30 09:12:29','ElectroCity',0.0,'Medell√≠n','En ElectroCity, ubicada en el vibrante centro de Medell√≠n, encontrar√°s la mejor selecci√≥n de electrodom√©sticos para tu hogar. Ofrecemos una amplia gama de productos de alta calidad, desde neveras y lavadoras hasta peque√±os electrodom√©sticos que facilitan tu vida diaria. Nuestro compromiso es brindarte tecnolog√≠a de vanguardia a precios competitivos, con un servicio al cliente excepcional.\r\n',1,'./uploads/img/tienda_miniatura/electro_1725009149102.jpg','http://localhost:4000/./uploads/img/tienda_miniatura/electro_1725009149102.jpg','./uploads/img/tienda_banner/elctro1_1725009149105.jpg','http://localhost:4000/./uploads/img/tienda_banner/elctro1_1725009149105.jpg',2,10),(44,'Avenida 6 Norte #23-45','2024-08-30 09:13:31','F√©nix Deportes',0.0,'Cali','es tu destino principal para equiparte y estar siempre en movimiento. Situada en la din√°mica ciudad de Cali, ofrecemos una extensa variedad de ropa, calzado, y accesorios deportivos de las mejores marcas. Ya sea que practiques running, f√∫tbol, o fitness, en F√©nix Deportes encontrar√°s todo lo necesario para alcanzar tus metas y rendir al m√°ximo. Nuestro equipo est√° listo para asesorarte y ayudarte a encontrar el equipo perfecto para tu deporte favorito.\r\n',1,'./uploads/img/tienda_miniatura/fenix_1725009211073.jpg','http://localhost:4000/./uploads/img/tienda_miniatura/fenix_1725009211073.jpg','./uploads/img/tienda_banner/fenix1_1725009211075.jpg','http://localhost:4000/./uploads/img/tienda_banner/fenix1_1725009211075.jpg',4,10),(45,'Cra 2 #79-18 sur','2024-09-20 05:45:21','Andres Meza',0.0,'Bogot√°','213123123213dwdasdwadwd',1,'uploads/img/tienda_miniatura/gatito_1726811120809.gif','http://localhost:4000/uploads/img/tienda_miniatura/gatito_1726811120809.gif','uploads/img/tienda_banner/fondo_1726811120812.jpeg','http://localhost:4000/uploads/img/tienda_banner/fondo_1726811120812.jpeg',3,10);
/*!40000 ALTER TABLE `tienda` ENABLE KEYS */;
UNLOCK TABLES;

--
-- Temporary view structure for view `top4productos`
--

DROP TABLE IF EXISTS `top4productos`;
/*!50001 DROP VIEW IF EXISTS `top4productos`*/;
SET @saved_cs_client     = @@character_set_client;
/*!50503 SET character_set_client = utf8mb4 */;
/*!50001 CREATE VIEW `top4productos` AS SELECT 
 1 AS `IdProducto`,
 1 AS `NombreProducto`,
 1 AS `DescripcionProducto`,
 1 AS `FotoProducto`,
 1 AS `FotoProductoURL`,
 1 AS `PromedioCalificacion`,
 1 AS `PrecioProducto`*/;
SET character_set_client = @saved_cs_client;

--
-- Temporary view structure for view `top4tiendas`
--

DROP TABLE IF EXISTS `top4tiendas`;
/*!50001 DROP VIEW IF EXISTS `top4tiendas`*/;
SET @saved_cs_client     = @@character_set_client;
/*!50503 SET character_set_client = utf8mb4 */;
/*!50001 CREATE VIEW `top4tiendas` AS SELECT 
 1 AS `IdTienda`,
 1 AS `NombreTienda`,
 1 AS `PromedioCalificacion`,
 1 AS `MiniaturaTiendaURL`,
 1 AS `DescripcionTienda`*/;
SET character_set_client = @saved_cs_client;

--
-- Temporary view structure for view `vertienda`
--

DROP TABLE IF EXISTS `vertienda`;
/*!50001 DROP VIEW IF EXISTS `vertienda`*/;
SET @saved_cs_client     = @@character_set_client;
/*!50503 SET character_set_client = utf8mb4 */;
/*!50001 CREATE VIEW `vertienda` AS SELECT 
 1 AS `IdTienda`,
 1 AS `DireccionTienda`,
 1 AS `FechaAperturaTienda`,
 1 AS `NombreTienda`,
 1 AS `CalificacionTienda`,
 1 AS `CiudadTienda`,
 1 AS `DescripcionTienda`,
 1 AS `EstadoTienda`,
 1 AS `MiniaturaTienda`,
 1 AS `MiniaturaTiendaURL`,
 1 AS `BannerTienda`,
 1 AS `BannerTiendaURL`*/;
SET character_set_client = @saved_cs_client;

--
-- Dumping events for database 'platea'
--

--
-- Dumping routines for database 'platea'
--
/*!50003 DROP PROCEDURE IF EXISTS `ActualizarCantidad` */;
/*!50003 SET @saved_cs_client      = @@character_set_client */ ;
/*!50003 SET @saved_cs_results     = @@character_set_results */ ;
/*!50003 SET @saved_col_connection = @@collation_connection */ ;
/*!50003 SET character_set_client  = utf8mb4 */ ;
/*!50003 SET character_set_results = utf8mb4 */ ;
/*!50003 SET collation_connection  = utf8mb4_general_ci */ ;
/*!50003 SET @saved_sql_mode       = @@sql_mode */ ;
/*!50003 SET sql_mode              = 'NO_ZERO_IN_DATE,NO_ZERO_DATE,NO_ENGINE_SUBSTITUTION' */ ;
DELIMITER ;;
CREATE DEFINER=`root`@`localhost` PROCEDURE `ActualizarCantidad`(
    IN p_IdPersona INT,
    IN p_IdProducto INT,
    IN p_NuevaCantidad INT
)
BEGIN
	DECLARE Id INT;
    
    -- Verifica si el usuario ya tiene un carrito
    SELECT IdCarrito INTO Id
    FROM carrito
    WHERE IdPersonaFK = p_IdPersona
    ORDER BY fecha_creacion DESC
    LIMIT 1;

    UPDATE detallecarrito
    SET Cantidad = p_NuevaCantidad
    WHERE IdCarritoFK = Id AND IdProductoFK = p_IdProducto;
END ;;
DELIMITER ;
/*!50003 SET sql_mode              = @saved_sql_mode */ ;
/*!50003 SET character_set_client  = @saved_cs_client */ ;
/*!50003 SET character_set_results = @saved_cs_results */ ;
/*!50003 SET collation_connection  = @saved_col_connection */ ;
/*!50003 DROP PROCEDURE IF EXISTS `ActualizarStockProductoPedido` */;
/*!50003 SET @saved_cs_client      = @@character_set_client */ ;
/*!50003 SET @saved_cs_results     = @@character_set_results */ ;
/*!50003 SET @saved_col_connection = @@collation_connection */ ;
/*!50003 SET character_set_client  = utf8mb4 */ ;
/*!50003 SET character_set_results = utf8mb4 */ ;
/*!50003 SET collation_connection  = utf8mb4_general_ci */ ;
/*!50003 SET @saved_sql_mode       = @@sql_mode */ ;
/*!50003 SET sql_mode              = 'NO_ZERO_IN_DATE,NO_ZERO_DATE,NO_ENGINE_SUBSTITUTION' */ ;
DELIMITER ;;
CREATE DEFINER=`root`@`localhost` PROCEDURE `ActualizarStockProductoPedido`(IN p_IdPedido INT)
BEGIN
    -- Declarar variables para el producto y cantidad
    DECLARE v_IdProducto INT;
    DECLARE v_Cantidad INT;
    DECLARE done INT DEFAULT 0;

    -- Declarar el cursor para obtener todos los productos y cantidades del pedido
    DECLARE cur CURSOR FOR 
    SELECT p.IdProducto, dc.Cantidad
    FROM detallecarrito dc
    JOIN producto p ON dc.IdProductoFK = p.IdProducto
    JOIN carrito c ON c.IdCarrito = dc.IdCarritoFK
    WHERE c.IdCarrito = p_IdPedido;

    -- Declarar un manejador para el final de los datos del cursor
    DECLARE CONTINUE HANDLER FOR NOT FOUND SET done = 1;

    -- Abrir el cursor
    OPEN cur;

    -- Loop para leer cada producto y actualizar su stock
    leer_loop: LOOP
        -- Obtener el producto y la cantidad
        FETCH cur INTO v_IdProducto, v_Cantidad;

        -- Si no hay m√°s filas, salir del loop
        IF done THEN
            LEAVE leer_loop;
        END IF;

        -- Actualizar el stock del producto restando la cantidad del pedido
        UPDATE producto 
        SET StockProducto = StockProducto - v_Cantidad
        WHERE IdProducto = v_IdProducto;
    END LOOP;

    -- Cerrar el cursor
    CLOSE cur;
END ;;
DELIMITER ;
/*!50003 SET sql_mode              = @saved_sql_mode */ ;
/*!50003 SET character_set_client  = @saved_cs_client */ ;
/*!50003 SET character_set_results = @saved_cs_results */ ;
/*!50003 SET collation_connection  = @saved_col_connection */ ;
/*!50003 DROP PROCEDURE IF EXISTS `AgregarProductoCarrito` */;
/*!50003 SET @saved_cs_client      = @@character_set_client */ ;
/*!50003 SET @saved_cs_results     = @@character_set_results */ ;
/*!50003 SET @saved_col_connection = @@collation_connection */ ;
/*!50003 SET character_set_client  = utf8mb4 */ ;
/*!50003 SET character_set_results = utf8mb4 */ ;
/*!50003 SET collation_connection  = utf8mb4_general_ci */ ;
/*!50003 SET @saved_sql_mode       = @@sql_mode */ ;
/*!50003 SET sql_mode              = 'NO_ZERO_IN_DATE,NO_ZERO_DATE,NO_ENGINE_SUBSTITUTION' */ ;
DELIMITER ;;
CREATE DEFINER=`root`@`localhost` PROCEDURE `AgregarProductoCarrito`(IN usuario_Id INT, IN producto_id INT)
BEGIN
    DECLARE Id INT;
    
    -- Verifica si el usuario ya tiene un carrito
    SELECT IdCarrito INTO Id
    FROM carrito
    WHERE IdPersonaFK = usuario_Id
    ORDER BY fecha_creacion DESC
    LIMIT 1;

    -- Si no hay carrito, crea uno nuevo
    IF Id IS NULL THEN
        INSERT INTO Carrito (IdPersonaFK, fecha_creacion)
        VALUES (usuario_Id, NOW());
        
        -- Obt√©n el ID del nuevo carrito
        SELECT LAST_INSERT_ID() INTO Id;
    END IF;

	INSERT INTO detallecarrito (IdCarritoFK, IdProductoFK) VALUES
    (Id,producto_id);
END ;;
DELIMITER ;
/*!50003 SET sql_mode              = @saved_sql_mode */ ;
/*!50003 SET character_set_client  = @saved_cs_client */ ;
/*!50003 SET character_set_results = @saved_cs_results */ ;
/*!50003 SET collation_connection  = @saved_col_connection */ ;
/*!50003 DROP PROCEDURE IF EXISTS `CLAVE` */;
/*!50003 SET @saved_cs_client      = @@character_set_client */ ;
/*!50003 SET @saved_cs_results     = @@character_set_results */ ;
/*!50003 SET @saved_col_connection = @@collation_connection */ ;
/*!50003 SET character_set_client  = utf8mb4 */ ;
/*!50003 SET character_set_results = utf8mb4 */ ;
/*!50003 SET collation_connection  = utf8mb4_general_ci */ ;
/*!50003 SET @saved_sql_mode       = @@sql_mode */ ;
/*!50003 SET sql_mode              = 'NO_ZERO_IN_DATE,NO_ZERO_DATE,NO_ENGINE_SUBSTITUTION' */ ;
DELIMITER ;;
CREATE DEFINER=`root`@`localhost` PROCEDURE `CLAVE`(IN _correo text, IN CLAVE_SECRETA TEXT)
BEGIN
	SELECT cast(aes_decrypt(ClavePersona, CLAVE_SECRETA)as char) FROM persona WHERE CorreoPersona = _correo;
END ;;
DELIMITER ;
/*!50003 SET sql_mode              = @saved_sql_mode */ ;
/*!50003 SET character_set_client  = @saved_cs_client */ ;
/*!50003 SET character_set_results = @saved_cs_results */ ;
/*!50003 SET collation_connection  = @saved_col_connection */ ;
/*!50003 DROP PROCEDURE IF EXISTS `crearComentario` */;
/*!50003 SET @saved_cs_client      = @@character_set_client */ ;
/*!50003 SET @saved_cs_results     = @@character_set_results */ ;
/*!50003 SET @saved_col_connection = @@collation_connection */ ;
/*!50003 SET character_set_client  = utf8mb4 */ ;
/*!50003 SET character_set_results = utf8mb4 */ ;
/*!50003 SET collation_connection  = utf8mb4_general_ci */ ;
/*!50003 SET @saved_sql_mode       = @@sql_mode */ ;
/*!50003 SET sql_mode              = 'NO_ZERO_IN_DATE,NO_ZERO_DATE,NO_ENGINE_SUBSTITUTION' */ ;
DELIMITER ;;
CREATE DEFINER=`root`@`localhost` PROCEDURE `crearComentario`(
	in A_ComentarioAprobacion text,
    in A_CalificacionAprobacion DECIMAL(2,1),
    in A_IdPersonaFK int,
    in A_IdProductoFK int

)
begin
	insert into Aprobacion (ComentarioAprobacion, CalificacionAprobacion, IdPersonaFK, IdProductoFK)values
    (A_ComentarioAprobacion,A_CalificacionAprobacion,A_IdPersonaFK,A_IdProductoFK);

end ;;
DELIMITER ;
/*!50003 SET sql_mode              = @saved_sql_mode */ ;
/*!50003 SET character_set_client  = @saved_cs_client */ ;
/*!50003 SET character_set_results = @saved_cs_results */ ;
/*!50003 SET collation_connection  = @saved_col_connection */ ;
/*!50003 DROP PROCEDURE IF EXISTS `CrearPedido` */;
/*!50003 SET @saved_cs_client      = @@character_set_client */ ;
/*!50003 SET @saved_cs_results     = @@character_set_results */ ;
/*!50003 SET @saved_col_connection = @@collation_connection */ ;
/*!50003 SET character_set_client  = utf8mb4 */ ;
/*!50003 SET character_set_results = utf8mb4 */ ;
/*!50003 SET collation_connection  = utf8mb4_general_ci */ ;
/*!50003 SET @saved_sql_mode       = @@sql_mode */ ;
/*!50003 SET sql_mode              = 'NO_ZERO_IN_DATE,NO_ZERO_DATE,NO_ENGINE_SUBSTITUTION' */ ;
DELIMITER ;;
CREATE DEFINER=`root`@`localhost` PROCEDURE `CrearPedido`(
    IN p_IdPersonaFK INT,
    IN p_Direccion VARCHAR(50),
    IN p_Ciudad VARCHAR(50)

)
BEGIN
    INSERT INTO Pedido (IdPersonaFK, Direccion, Ciudad, Total)
    VALUES (p_IdPersonaFK, p_Direccion, p_Ciudad, 0);
    
    -- Retornar el ID del pedido reci√©n creado
    SELECT LAST_INSERT_ID() AS IdPedidoCreado;
END ;;
DELIMITER ;
/*!50003 SET sql_mode              = @saved_sql_mode */ ;
/*!50003 SET character_set_client  = @saved_cs_client */ ;
/*!50003 SET character_set_results = @saved_cs_results */ ;
/*!50003 SET collation_connection  = @saved_col_connection */ ;
/*!50003 DROP PROCEDURE IF EXISTS `CrearTienda` */;
/*!50003 SET @saved_cs_client      = @@character_set_client */ ;
/*!50003 SET @saved_cs_results     = @@character_set_results */ ;
/*!50003 SET @saved_col_connection = @@collation_connection */ ;
/*!50003 SET character_set_client  = utf8mb4 */ ;
/*!50003 SET character_set_results = utf8mb4 */ ;
/*!50003 SET collation_connection  = utf8mb4_general_ci */ ;
/*!50003 SET @saved_sql_mode       = @@sql_mode */ ;
/*!50003 SET sql_mode              = 'NO_ZERO_IN_DATE,NO_ZERO_DATE,NO_ENGINE_SUBSTITUTION' */ ;
DELIMITER ;;
CREATE DEFINER=`root`@`localhost` PROCEDURE `CrearTienda`(
    IN p_IdPersona INT,
    IN p_NombreTienda VARCHAR(50),
    IN p_DireccionTienda VARCHAR(100),
    IN p_CiudadTienda VARCHAR(20),
    IN p_DescripcionTienda TEXT,
    IN p_IdCategoriaFK INT,
    IN p_MiniaturaTienda TEXT,
    IN P_MiniaturaTiendaURL TEXT,
    IN P_BannerTienda TEXT,
    IN p_BannerTiendaURL TEXT,
    IN p_FechaInicioArrendatario DATETIME,
    IN p_FechaExpiracionArrendatario DATETIME,
    OUT p_IdTienda INT
)
BEGIN
    DECLARE v_IdArrendatario INT;

    -- Manejar valores predeterminados para fechas
    IF p_FechaInicioArrendatario IS NULL THEN
        SET p_FechaInicioArrendatario = NOW();
    END IF;

    -- Verificar si la persona ya es arrendatario
    SELECT IdArrendatario INTO v_IdArrendatario
    FROM arrendatario
    WHERE IdPersonaFK = p_IdPersona;

    -- Si no es arrendatario, convertir a la persona en arrendatario
    IF v_IdArrendatario IS NULL THEN
        INSERT INTO arrendatario (
            IdPersonaFK,
            FechaInicioArrendatario,
            FechaExpiracionArrendatario
        ) VALUES (
            p_IdPersona,
            p_FechaInicioArrendatario,
            p_FechaExpiracionArrendatario
        );

        -- Obtener el ID del nuevo arrendatario
        SET v_IdArrendatario = LAST_INSERT_ID();
    ELSE
        -- Si ya es arrendatario, actualizar fechas si se proporcionan
        UPDATE arrendatario
        SET FechaInicioArrendatario = IFNULL(p_FechaInicioArrendatario, FechaInicioArrendatario),
            FechaExpiracionArrendatario = p_FechaExpiracionArrendatario
        WHERE IdArrendatario = v_IdArrendatario;
    END IF;

    -- Crear la tienda
    INSERT INTO tienda (
        NombreTienda,
        DireccionTienda,
        CiudadTienda,
        DescripcionTienda,
        MiniaturaTienda, 
        MiniaturaTiendaURL,
        BannerTienda,
        BannerTiendaURL,
        IdCategoriaFK,
        IdArrendatarioFK
    ) VALUES (
        p_NombreTienda,
        p_DireccionTienda,
        p_CiudadTienda,
        p_DescripcionTienda,
        p_MiniaturaTienda, 
        P_MiniaturaTiendaURL,
        P_BannerTienda,
        p_BannerTiendaURL,
        p_IdCategoriaFK,
        v_IdArrendatario
    );

    -- Obtener el ID de la tienda reci√©n creada
    SET p_IdTienda = LAST_INSERT_ID();
END ;;
DELIMITER ;
/*!50003 SET sql_mode              = @saved_sql_mode */ ;
/*!50003 SET character_set_client  = @saved_cs_client */ ;
/*!50003 SET character_set_results = @saved_cs_results */ ;
/*!50003 SET collation_connection  = @saved_col_connection */ ;
/*!50003 DROP PROCEDURE IF EXISTS `EliminarProducto` */;
/*!50003 SET @saved_cs_client      = @@character_set_client */ ;
/*!50003 SET @saved_cs_results     = @@character_set_results */ ;
/*!50003 SET @saved_col_connection = @@collation_connection */ ;
/*!50003 SET character_set_client  = utf8mb4 */ ;
/*!50003 SET character_set_results = utf8mb4 */ ;
/*!50003 SET collation_connection  = utf8mb4_general_ci */ ;
/*!50003 SET @saved_sql_mode       = @@sql_mode */ ;
/*!50003 SET sql_mode              = 'NO_ZERO_IN_DATE,NO_ZERO_DATE,NO_ENGINE_SUBSTITUTION' */ ;
DELIMITER ;;
CREATE DEFINER=`root`@`localhost` PROCEDURE `EliminarProducto`(
    IN Id INT
)
BEGIN

    DELETE FROM detallecarrito
    WHERE IdDetalleCarrito = Id ;
END ;;
DELIMITER ;
/*!50003 SET sql_mode              = @saved_sql_mode */ ;
/*!50003 SET character_set_client  = @saved_cs_client */ ;
/*!50003 SET character_set_results = @saved_cs_results */ ;
/*!50003 SET collation_connection  = @saved_col_connection */ ;
/*!50003 DROP PROCEDURE IF EXISTS `GetProductoById` */;
/*!50003 SET @saved_cs_client      = @@character_set_client */ ;
/*!50003 SET @saved_cs_results     = @@character_set_results */ ;
/*!50003 SET @saved_col_connection = @@collation_connection */ ;
/*!50003 SET character_set_client  = utf8mb4 */ ;
/*!50003 SET character_set_results = utf8mb4 */ ;
/*!50003 SET collation_connection  = utf8mb4_general_ci */ ;
/*!50003 SET @saved_sql_mode       = @@sql_mode */ ;
/*!50003 SET sql_mode              = 'NO_ZERO_IN_DATE,NO_ZERO_DATE,NO_ENGINE_SUBSTITUTION' */ ;
DELIMITER ;;
CREATE DEFINER=`root`@`localhost` PROCEDURE `GetProductoById`(IN p_IdProducto INT)
BEGIN
    SELECT 
        p.IdProducto, 
        p.NombreProducto, 
        p.DescripcionProducto, 
        p.FotoProducto, 
        p.FotoProductoURL, 
        COALESCE(AVG(a.CalificacionAprobacion), 0) AS PromedioCalificacion, 
        p.PrecioProducto,
        p.IdCategoriaFK,
        p.IdTiendaFK
    FROM 
        producto p
    LEFT JOIN 
        aprobacion a ON p.IdProducto = a.IdProductoFK
    WHERE 
        p.IdProducto = p_IdProducto
    GROUP BY
        p.IdProducto, 
        p.NombreProducto, 
        p.DescripcionProducto, 
        p.FotoProducto, 
        p.FotoProductoURL, 
        p.PrecioProducto,
        p.IdCategoriaFK,
        p.IdTiendaFK;
END ;;
DELIMITER ;
/*!50003 SET sql_mode              = @saved_sql_mode */ ;
/*!50003 SET character_set_client  = @saved_cs_client */ ;
/*!50003 SET character_set_results = @saved_cs_results */ ;
/*!50003 SET collation_connection  = @saved_col_connection */ ;
/*!50003 DROP PROCEDURE IF EXISTS `MigrarCarritoAPedido` */;
/*!50003 SET @saved_cs_client      = @@character_set_client */ ;
/*!50003 SET @saved_cs_results     = @@character_set_results */ ;
/*!50003 SET @saved_col_connection = @@collation_connection */ ;
/*!50003 SET character_set_client  = utf8mb4 */ ;
/*!50003 SET character_set_results = utf8mb4 */ ;
/*!50003 SET collation_connection  = utf8mb4_general_ci */ ;
/*!50003 SET @saved_sql_mode       = @@sql_mode */ ;
/*!50003 SET sql_mode              = 'NO_ZERO_IN_DATE,NO_ZERO_DATE,NO_ENGINE_SUBSTITUTION' */ ;
DELIMITER ;;
CREATE DEFINER=`root`@`localhost` PROCEDURE `MigrarCarritoAPedido`(IN p_IdPersona INT, IN p_IdPedido INT)
BEGIN

	DECLARE Id INT;
    DECLARE total INT;
    
    -- Verifica si el usuario ya tiene un carrito
    SELECT IdCarrito INTO Id
    FROM carrito
    WHERE IdPersonaFK = p_IdPersona
    ORDER BY fecha_creacion DESC
    LIMIT 1;
    -- Insertar todos los productos del carrito a la tabla pedidoproducto
    INSERT IGNORE  INTO pedidoproducto (IdPedidoFK, IdProductoFK, Cantidad)
    SELECT p_IdPedido, dc.IdProductoFK, dc.Cantidad
    FROM detallecarrito dc
    WHERE dc.IdCarritoFK = Id;
	
    SELECT SUM(p.PrecioProducto * dc.Cantidad) AS Total
    FROM detallecarrito dc
    INNER JOIN producto p ON p.IdProducto = dc.IdProductoFK
    WHERE dc.IdCarritoFK = Id ;
    -- Opcional: despu√©s de migrar, puedes eliminar los productos del carrito si lo deseas
    -- DELETE FROM detallecarrito WHERE IdCarritoFK = p_IdCarrito;

    -- Tambi√©n podr√≠as eliminar el carrito si lo deseas
    -- DELETE FROM carrito WHERE IdCarrito = p_IdCarrito;

END ;;
DELIMITER ;
/*!50003 SET sql_mode              = @saved_sql_mode */ ;
/*!50003 SET character_set_client  = @saved_cs_client */ ;
/*!50003 SET character_set_results = @saved_cs_results */ ;
/*!50003 SET collation_connection  = @saved_col_connection */ ;
/*!50003 DROP PROCEDURE IF EXISTS `Mostrarcomentarios` */;
/*!50003 SET @saved_cs_client      = @@character_set_client */ ;
/*!50003 SET @saved_cs_results     = @@character_set_results */ ;
/*!50003 SET @saved_col_connection = @@collation_connection */ ;
/*!50003 SET character_set_client  = utf8mb4 */ ;
/*!50003 SET character_set_results = utf8mb4 */ ;
/*!50003 SET collation_connection  = utf8mb4_general_ci */ ;
/*!50003 SET @saved_sql_mode       = @@sql_mode */ ;
/*!50003 SET sql_mode              = 'NO_ZERO_IN_DATE,NO_ZERO_DATE,NO_ENGINE_SUBSTITUTION' */ ;
DELIMITER ;;
CREATE DEFINER=`root`@`localhost` PROCEDURE `Mostrarcomentarios`(IN productoId INT)
BEGIN
    SELECT 
        p.NombrePersona,          -- Nombre de la persona que hizo el comentario
        a.FechaAprobacion,        -- Fecha en que el comentario fue hecho
        a.ComentarioAprobacion,   -- Texto del comentario
        p.FotoPersonaURL, 
        a.CalificacionAprobacion-- URL de la foto de perfil
    FROM Aprobacion a
    JOIN Persona p ON a.IdPersonaFK = p.IdPersona  -- Une la tabla Aprobacion con Persona para obtener el nombre de la persona y la foto
    WHERE a.IdProductoFK = productoId;  -- Filtra los comentarios para el producto espec√≠fico
END ;;
DELIMITER ;
/*!50003 SET sql_mode              = @saved_sql_mode */ ;
/*!50003 SET character_set_client  = @saved_cs_client */ ;
/*!50003 SET character_set_results = @saved_cs_results */ ;
/*!50003 SET collation_connection  = @saved_col_connection */ ;
/*!50003 DROP PROCEDURE IF EXISTS `navbar` */;
/*!50003 SET @saved_cs_client      = @@character_set_client */ ;
/*!50003 SET @saved_cs_results     = @@character_set_results */ ;
/*!50003 SET @saved_col_connection = @@collation_connection */ ;
/*!50003 SET character_set_client  = utf8mb4 */ ;
/*!50003 SET character_set_results = utf8mb4 */ ;
/*!50003 SET collation_connection  = utf8mb4_general_ci */ ;
/*!50003 SET @saved_sql_mode       = @@sql_mode */ ;
/*!50003 SET sql_mode              = 'NO_ZERO_IN_DATE,NO_ZERO_DATE,NO_ENGINE_SUBSTITUTION' */ ;
DELIMITER ;;
CREATE DEFINER=`root`@`localhost` PROCEDURE `navbar`(in usuario_Id INT)
BEGIN
	DECLARE Id INT;
	DECLARE num INT;
    
	SELECT IdCarrito INTO Id
    FROM carrito
    WHERE IdPersonaFK = usuario_Id
    ORDER BY fecha_creacion DESC
    LIMIT 1;

	SELECT COUNT(*) INTO num
    FROM detallecarrito dc
    JOIN carrito c ON c.IdCarrito = dc.IdCarritoFK
    WHERE c.IdCarrito = Id;

	SELECT FotoPersonaURL ,idRolFK, num from Persona where IdPersona = usuario_Id;
END ;;
DELIMITER ;
/*!50003 SET sql_mode              = @saved_sql_mode */ ;
/*!50003 SET character_set_client  = @saved_cs_client */ ;
/*!50003 SET character_set_results = @saved_cs_results */ ;
/*!50003 SET collation_connection  = @saved_col_connection */ ;
/*!50003 DROP PROCEDURE IF EXISTS `ObtenerProductoPedido` */;
/*!50003 SET @saved_cs_client      = @@character_set_client */ ;
/*!50003 SET @saved_cs_results     = @@character_set_results */ ;
/*!50003 SET @saved_col_connection = @@collation_connection */ ;
/*!50003 SET character_set_client  = utf8mb4 */ ;
/*!50003 SET character_set_results = utf8mb4 */ ;
/*!50003 SET collation_connection  = utf8mb4_general_ci */ ;
/*!50003 SET @saved_sql_mode       = @@sql_mode */ ;
/*!50003 SET sql_mode              = 'NO_ZERO_IN_DATE,NO_ZERO_DATE,NO_ENGINE_SUBSTITUTION' */ ;
DELIMITER ;;
CREATE DEFINER=`root`@`localhost` PROCEDURE `ObtenerProductoPedido`(IN p_IdPedido INT)
BEGIN
    SELECT p.IdProducto, p.FotoProductoURL, p.NombreProducto, p.PrecioProducto , pp.cantidad
    FROM pedidoproducto pp
    JOIN producto p ON pp.IdProductoFK = p.IdProducto
    JOIN pedido p2 ON p2.IdPedido = pp.IdPedidoFK
    WHERE p2.IdPedido = p_IdPedido;

END ;;
DELIMITER ;
/*!50003 SET sql_mode              = @saved_sql_mode */ ;
/*!50003 SET character_set_client  = @saved_cs_client */ ;
/*!50003 SET character_set_results = @saved_cs_results */ ;
/*!50003 SET collation_connection  = @saved_col_connection */ ;
/*!50003 DROP PROCEDURE IF EXISTS `ObtenerProductosCarrito` */;
/*!50003 SET @saved_cs_client      = @@character_set_client */ ;
/*!50003 SET @saved_cs_results     = @@character_set_results */ ;
/*!50003 SET @saved_col_connection = @@collation_connection */ ;
/*!50003 SET character_set_client  = utf8mb4 */ ;
/*!50003 SET character_set_results = utf8mb4 */ ;
/*!50003 SET collation_connection  = utf8mb4_general_ci */ ;
/*!50003 SET @saved_sql_mode       = @@sql_mode */ ;
/*!50003 SET sql_mode              = 'NO_ZERO_IN_DATE,NO_ZERO_DATE,NO_ENGINE_SUBSTITUTION' */ ;
DELIMITER ;;
CREATE DEFINER=`root`@`localhost` PROCEDURE `ObtenerProductosCarrito`(IN usuario_Id INT)
BEGIN
    DECLARE Id INT;
    
    -- Verifica si el usuario ya tiene un carrito
    SELECT IdCarrito INTO Id
    FROM carrito
    WHERE IdPersonaFK = usuario_Id
    ORDER BY fecha_creacion DESC
    LIMIT 1;

    -- Si no hay carrito, crea uno nuevo
    IF Id IS NULL THEN
        INSERT INTO Carrito (IdPersonaFK, fecha_creacion)
        VALUES (usuarioId, NOW());
        
        -- Obt√©n el ID del nuevo carrito
        SELECT LAST_INSERT_ID() INTO Id;
    END IF;

    -- Lista los productos del carrito
    SELECT dc.IdDetalleCarrito, p.IdProducto, p.FotoProductoURL, p.NombreProducto, p.PrecioProducto , dc.cantidad, t.NombreTienda
    FROM detallecarrito dc
    JOIN producto p ON dc.IdProductoFK = p.IdProducto
    JOIN tienda t ON t.IdTienda = p.IdTiendaFK
    JOIN carrito c ON c.IdCarrito = dc.IdCarritoFK
    WHERE c.IdCarrito = Id;
END ;;
DELIMITER ;
/*!50003 SET sql_mode              = @saved_sql_mode */ ;
/*!50003 SET character_set_client  = @saved_cs_client */ ;
/*!50003 SET character_set_results = @saved_cs_results */ ;
/*!50003 SET collation_connection  = @saved_col_connection */ ;
/*!50003 DROP PROCEDURE IF EXISTS `ObtenerProductosSimilares` */;
/*!50003 SET @saved_cs_client      = @@character_set_client */ ;
/*!50003 SET @saved_cs_results     = @@character_set_results */ ;
/*!50003 SET @saved_col_connection = @@collation_connection */ ;
/*!50003 SET character_set_client  = utf8mb4 */ ;
/*!50003 SET character_set_results = utf8mb4 */ ;
/*!50003 SET collation_connection  = utf8mb4_general_ci */ ;
/*!50003 SET @saved_sql_mode       = @@sql_mode */ ;
/*!50003 SET sql_mode              = 'NO_ZERO_IN_DATE,NO_ZERO_DATE,NO_ENGINE_SUBSTITUTION' */ ;
DELIMITER ;;
CREATE DEFINER=`root`@`localhost` PROCEDURE `ObtenerProductosSimilares`(IN p_IdProducto INT)
BEGIN
    -- Declara una variable para almacenar la categor√≠a del producto
    DECLARE v_IdCategoria INT;

    -- Obtiene la categor√≠a del producto dado
    SELECT IdCategoriaFK INTO v_IdCategoria
    FROM producto
    WHERE IdProducto = p_IdProducto;

    -- Selecciona los productos que pertenecen a la misma categor√≠a
    SELECT IdProducto, NombreProducto, DescripcionProducto, StockProducto, PrecioProducto, FotoProducto, FotoProductoURL
    FROM producto 
    WHERE IdCategoriaFK = v_IdCategoria
      AND IdProducto <> p_IdProducto;
END ;;
DELIMITER ;
/*!50003 SET sql_mode              = @saved_sql_mode */ ;
/*!50003 SET character_set_client  = @saved_cs_client */ ;
/*!50003 SET character_set_results = @saved_cs_results */ ;
/*!50003 SET collation_connection  = @saved_col_connection */ ;
/*!50003 DROP PROCEDURE IF EXISTS `ObtenerProductosTienda` */;
/*!50003 SET @saved_cs_client      = @@character_set_client */ ;
/*!50003 SET @saved_cs_results     = @@character_set_results */ ;
/*!50003 SET @saved_col_connection = @@collation_connection */ ;
/*!50003 SET character_set_client  = utf8mb4 */ ;
/*!50003 SET character_set_results = utf8mb4 */ ;
/*!50003 SET collation_connection  = utf8mb4_general_ci */ ;
/*!50003 SET @saved_sql_mode       = @@sql_mode */ ;
/*!50003 SET sql_mode              = 'NO_ZERO_IN_DATE,NO_ZERO_DATE,NO_ENGINE_SUBSTITUTION' */ ;
DELIMITER ;;
CREATE DEFINER=`root`@`localhost` PROCEDURE `ObtenerProductosTienda`(
	IN p_IdTienda INT
)
BEGIN
    SELECT P.IdProducto, P.NombreProducto, P.DescripcionProducto, P.StockProducto, P.PrecioProducto, P.FotoProducto, P.FotoProductoURL, P.IdCategoriaFK, P.IdTiendaFK
    FROM 
        Producto AS P
    INNER JOIN 
        Tienda AS T ON T.IdTienda = P.IdTiendaFK
    WHERE 
        T.IdTienda = p_IdTienda;
END ;;
DELIMITER ;
/*!50003 SET sql_mode              = @saved_sql_mode */ ;
/*!50003 SET character_set_client  = @saved_cs_client */ ;
/*!50003 SET character_set_results = @saved_cs_results */ ;
/*!50003 SET collation_connection  = @saved_col_connection */ ;
/*!50003 DROP PROCEDURE IF EXISTS `ObtenerTiendasPorPersona` */;
/*!50003 SET @saved_cs_client      = @@character_set_client */ ;
/*!50003 SET @saved_cs_results     = @@character_set_results */ ;
/*!50003 SET @saved_col_connection = @@collation_connection */ ;
/*!50003 SET character_set_client  = utf8 */ ;
/*!50003 SET character_set_results = utf8 */ ;
/*!50003 SET collation_connection  = utf8_general_ci */ ;
/*!50003 SET @saved_sql_mode       = @@sql_mode */ ;
/*!50003 SET sql_mode              = 'NO_AUTO_VALUE_ON_ZERO' */ ;
DELIMITER ;;
CREATE DEFINER=`root`@`localhost` PROCEDURE `ObtenerTiendasPorPersona`(
	IN p_IdPersona INT
)
BEGIN
    SELECT 
        T.IdTienda, 
        T.NombreTienda, 
        T.DescripcionTienda,
        T.MiniaturaTiendaURL
    FROM 
        Tienda AS T
    INNER JOIN 
        Arrendatario AS A ON T.IdArrendatarioFK = A.IdArrendatario
    INNER JOIN 
        Persona AS P ON A.IdPersonaFK = P.IdPersona
    WHERE 
        P.IdPersona = p_IdPersona AND T.EstadoTienda = true;
END ;;
DELIMITER ;
/*!50003 SET sql_mode              = @saved_sql_mode */ ;
/*!50003 SET character_set_client  = @saved_cs_client */ ;
/*!50003 SET character_set_results = @saved_cs_results */ ;
/*!50003 SET collation_connection  = @saved_col_connection */ ;
/*!50003 DROP PROCEDURE IF EXISTS `RegisterPersona` */;
/*!50003 SET @saved_cs_client      = @@character_set_client */ ;
/*!50003 SET @saved_cs_results     = @@character_set_results */ ;
/*!50003 SET @saved_col_connection = @@collation_connection */ ;
/*!50003 SET character_set_client  = utf8mb4 */ ;
/*!50003 SET character_set_results = utf8mb4 */ ;
/*!50003 SET collation_connection  = utf8mb4_general_ci */ ;
/*!50003 SET @saved_sql_mode       = @@sql_mode */ ;
/*!50003 SET sql_mode              = 'NO_ZERO_IN_DATE,NO_ZERO_DATE,NO_ENGINE_SUBSTITUTION' */ ;
DELIMITER ;;
CREATE DEFINER=`root`@`localhost` PROCEDURE `RegisterPersona`(
    IN p_NombrePersona VARCHAR(20),
    IN p_ApellidoPersona VARCHAR(20),
    IN p_CorreoPersona VARCHAR(30),
    IN p_ClavePersona VARCHAR(255),
    IN p_TelefonoPersona INT,
    IN claveSecreta TEXT
)
BEGIN
    INSERT INTO Persona (
        NombrePersona,
        ApellidoPersona,
        CorreoPersona,
        ClavePersona,
        TelefonoPersona,
        EstadoPersona,
        FotoPersona,
        FotoPersonaURL,
        bannerPersona,
        bannerPersonaURL,
        idRolFK
    ) VALUES (
        p_NombrePersona,
        p_ApellidoPersona,
        p_CorreoPersona,
        aes_encrypt(p_ClavePersona,claveSecreta),
        p_TelefonoPersona,
        TRUE,          -- Valor predeterminado para EstadoPersona
        NULL,          -- Valor predeterminado para FotoPersona
        NULL,          -- Valor predeterminado para FotoPersonaURL
        NULL,          -- Valor predeterminado para bannerPersona
        NULL,          -- Valor predeterminado para bannerPersonaURL
        3              -- Valor predeterminado para idRolFK
    );
END ;;
DELIMITER ;
/*!50003 SET sql_mode              = @saved_sql_mode */ ;
/*!50003 SET character_set_client  = @saved_cs_client */ ;
/*!50003 SET character_set_results = @saved_cs_results */ ;
/*!50003 SET collation_connection  = @saved_col_connection */ ;
/*!50003 DROP PROCEDURE IF EXISTS `UPDATEPASSWORD` */;
/*!50003 SET @saved_cs_client      = @@character_set_client */ ;
/*!50003 SET @saved_cs_results     = @@character_set_results */ ;
/*!50003 SET @saved_col_connection = @@collation_connection */ ;
/*!50003 SET character_set_client  = utf8mb4 */ ;
/*!50003 SET character_set_results = utf8mb4 */ ;
/*!50003 SET collation_connection  = utf8mb4_general_ci */ ;
/*!50003 SET @saved_sql_mode       = @@sql_mode */ ;
/*!50003 SET sql_mode              = 'NO_ZERO_IN_DATE,NO_ZERO_DATE,NO_ENGINE_SUBSTITUTION' */ ;
DELIMITER ;;
CREATE DEFINER=`root`@`localhost` PROCEDURE `UPDATEPASSWORD`(
    IN __Gmail VARCHAR(250), 
    IN clavenueva VARCHAR(250), 
    IN claveultrasecreta VARCHAR(250)
)
BEGIN
    UPDATE persona
    SET ClavePersona = AES_ENCRYPT(clavenueva, claveultrasecreta)
    WHERE CorreoPersona = __Gmail;
END ;;
DELIMITER ;
/*!50003 SET sql_mode              = @saved_sql_mode */ ;
/*!50003 SET character_set_client  = @saved_cs_client */ ;
/*!50003 SET character_set_results = @saved_cs_results */ ;
/*!50003 SET collation_connection  = @saved_col_connection */ ;
/*!50003 DROP PROCEDURE IF EXISTS `vaciarcarrito` */;
/*!50003 SET @saved_cs_client      = @@character_set_client */ ;
/*!50003 SET @saved_cs_results     = @@character_set_results */ ;
/*!50003 SET @saved_col_connection = @@collation_connection */ ;
/*!50003 SET character_set_client  = utf8mb4 */ ;
/*!50003 SET character_set_results = utf8mb4 */ ;
/*!50003 SET collation_connection  = utf8mb4_general_ci */ ;
/*!50003 SET @saved_sql_mode       = @@sql_mode */ ;
/*!50003 SET sql_mode              = 'NO_ZERO_IN_DATE,NO_ZERO_DATE,NO_ENGINE_SUBSTITUTION' */ ;
DELIMITER ;;
CREATE DEFINER=`root`@`localhost` PROCEDURE `vaciarcarrito`(IN p_IdPersona INT)
BEGIN
    declare Id int;
    -- Verifica si el usuario ya tiene un carrito
    SELECT IdCarrito INTO Id
    FROM carrito
    WHERE IdPersonaFK = p_IdPersona
    ORDER BY fecha_creacion DESC
    LIMIT 1;
	
    delete from detallecarrito where IdCarritoFK = Id;
END ;;
DELIMITER ;
/*!50003 SET sql_mode              = @saved_sql_mode */ ;
/*!50003 SET character_set_client  = @saved_cs_client */ ;
/*!50003 SET character_set_results = @saved_cs_results */ ;
/*!50003 SET collation_connection  = @saved_col_connection */ ;
/*!50003 DROP PROCEDURE IF EXISTS `VerPedido` */;
/*!50003 SET @saved_cs_client      = @@character_set_client */ ;
/*!50003 SET @saved_cs_results     = @@character_set_results */ ;
/*!50003 SET @saved_col_connection = @@collation_connection */ ;
/*!50003 SET character_set_client  = utf8mb4 */ ;
/*!50003 SET character_set_results = utf8mb4 */ ;
/*!50003 SET collation_connection  = utf8mb4_general_ci */ ;
/*!50003 SET @saved_sql_mode       = @@sql_mode */ ;
/*!50003 SET sql_mode              = 'NO_ZERO_IN_DATE,NO_ZERO_DATE,NO_ENGINE_SUBSTITUTION' */ ;
DELIMITER ;;
CREATE DEFINER=`root`@`localhost` PROCEDURE `VerPedido`(
	in __idPedido INT
)
BEGIN
    SELECT * FROM platea.pedido where IdPedido = __idPedido;
END ;;
DELIMITER ;
/*!50003 SET sql_mode              = @saved_sql_mode */ ;
/*!50003 SET character_set_client  = @saved_cs_client */ ;
/*!50003 SET character_set_results = @saved_cs_results */ ;
/*!50003 SET collation_connection  = @saved_col_connection */ ;
/*!50003 DROP PROCEDURE IF EXISTS `verTienda` */;
/*!50003 SET @saved_cs_client      = @@character_set_client */ ;
/*!50003 SET @saved_cs_results     = @@character_set_results */ ;
/*!50003 SET @saved_col_connection = @@collation_connection */ ;
/*!50003 SET character_set_client  = utf8mb4 */ ;
/*!50003 SET character_set_results = utf8mb4 */ ;
/*!50003 SET collation_connection  = utf8mb4_general_ci */ ;
/*!50003 SET @saved_sql_mode       = @@sql_mode */ ;
/*!50003 SET sql_mode              = 'NO_ZERO_IN_DATE,NO_ZERO_DATE,NO_ENGINE_SUBSTITUTION' */ ;
DELIMITER ;;
CREATE DEFINER=`root`@`localhost` PROCEDURE `verTienda`(in tienda_Id INT)
BEGIN

	SELECT P.IdPersona, T.IdTienda, T.DireccionTienda, T.FechaAperturaTienda, 
    T.NombreTienda, T.CalificacionTienda, T.CiudadTienda, T.DescripcionTienda,
    T.EstadoTienda, T.MiniaturaTienda, T.MiniaturaTiendaURL, T.BannerTienda, 
    T.BannerTiendaURL, T.IdCategoriaFK, T.IdArrendatarioFK FROM tienda  T
    join arrendatario A on A.IdArrendatario = T.IdArrendatarioFK
    join persona P ON	P.IdPersona = A.IdPersonaFK
	WHERE T.IdTienda =tienda_Id
    ;
END ;;
DELIMITER ;
/*!50003 SET sql_mode              = @saved_sql_mode */ ;
/*!50003 SET character_set_client  = @saved_cs_client */ ;
/*!50003 SET character_set_results = @saved_cs_results */ ;
/*!50003 SET collation_connection  = @saved_col_connection */ ;
/*!50003 DROP PROCEDURE IF EXISTS `verTiendaCategoria` */;
/*!50003 SET @saved_cs_client      = @@character_set_client */ ;
/*!50003 SET @saved_cs_results     = @@character_set_results */ ;
/*!50003 SET @saved_col_connection = @@collation_connection */ ;
/*!50003 SET character_set_client  = utf8mb4 */ ;
/*!50003 SET character_set_results = utf8mb4 */ ;
/*!50003 SET collation_connection  = utf8mb4_general_ci */ ;
/*!50003 SET @saved_sql_mode       = @@sql_mode */ ;
/*!50003 SET sql_mode              = 'NO_ZERO_IN_DATE,NO_ZERO_DATE,NO_ENGINE_SUBSTITUTION' */ ;
DELIMITER ;;
CREATE DEFINER=`root`@`localhost` PROCEDURE `verTiendaCategoria`(in categoria_Id INT)
BEGIN

	SELECT T.* FROM tienda  T
    join categoria C on C.IdCategoria = T.IdCategoriaFK
	WHERE C.IdCategoria = categoria_Id;
END ;;
DELIMITER ;
/*!50003 SET sql_mode              = @saved_sql_mode */ ;
/*!50003 SET character_set_client  = @saved_cs_client */ ;
/*!50003 SET character_set_results = @saved_cs_results */ ;
/*!50003 SET collation_connection  = @saved_col_connection */ ;

--
-- Final view structure for view `belleza`
--

/*!50001 DROP VIEW IF EXISTS `belleza`*/;
/*!50001 SET @saved_cs_client          = @@character_set_client */;
/*!50001 SET @saved_cs_results         = @@character_set_results */;
/*!50001 SET @saved_col_connection     = @@collation_connection */;
/*!50001 SET character_set_client      = utf8mb4 */;
/*!50001 SET character_set_results     = utf8mb4 */;
/*!50001 SET collation_connection      = utf8mb4_general_ci */;
/*!50001 CREATE ALGORITHM=UNDEFINED */
/*!50013 DEFINER=`root`@`localhost` SQL SECURITY DEFINER */
/*!50001 VIEW `belleza` AS select `t`.`IdTienda` AS `IdTienda`,`t`.`DireccionTienda` AS `DireccionTienda`,`t`.`FechaAperturaTienda` AS `FechaAperturaTienda`,`t`.`NombreTienda` AS `NombreTienda`,`t`.`CalificacionTienda` AS `CalificacionTienda`,`t`.`CiudadTienda` AS `CiudadTienda`,`t`.`DescripcionTienda` AS `DescripcionTienda`,`t`.`EstadoTienda` AS `EstadoTienda`,`t`.`MiniaturaTienda` AS `MiniaturaTienda`,`t`.`MiniaturaTiendaURL` AS `MiniaturaTiendaURL`,`t`.`BannerTienda` AS `BannerTienda`,`t`.`BannerTiendaURL` AS `BannerTiendaURL`,`t`.`IdCategoriaFK` AS `IdCategoriaFK`,`t`.`IdArrendatarioFK` AS `IdArrendatarioFK` from (`tienda` `t` join `categoria` `c` on(`t`.`IdCategoriaFK` = `c`.`IdCategoria`)) where `c`.`NombreCategoria` = 'Belleza' and `t`.`EstadoTienda` = 1 */;
/*!50001 SET character_set_client      = @saved_cs_client */;
/*!50001 SET character_set_results     = @saved_cs_results */;
/*!50001 SET collation_connection      = @saved_col_connection */;

--
-- Final view structure for view `deportes`
--

/*!50001 DROP VIEW IF EXISTS `deportes`*/;
/*!50001 SET @saved_cs_client          = @@character_set_client */;
/*!50001 SET @saved_cs_results         = @@character_set_results */;
/*!50001 SET @saved_col_connection     = @@collation_connection */;
/*!50001 SET character_set_client      = utf8mb4 */;
/*!50001 SET character_set_results     = utf8mb4 */;
/*!50001 SET collation_connection      = utf8mb4_general_ci */;
/*!50001 CREATE ALGORITHM=UNDEFINED */
/*!50013 DEFINER=`root`@`localhost` SQL SECURITY DEFINER */
/*!50001 VIEW `deportes` AS select `t`.`IdTienda` AS `IdTienda`,`t`.`DireccionTienda` AS `DireccionTienda`,`t`.`FechaAperturaTienda` AS `FechaAperturaTienda`,`t`.`NombreTienda` AS `NombreTienda`,`t`.`CalificacionTienda` AS `CalificacionTienda`,`t`.`CiudadTienda` AS `CiudadTienda`,`t`.`DescripcionTienda` AS `DescripcionTienda`,`t`.`EstadoTienda` AS `EstadoTienda`,`t`.`MiniaturaTienda` AS `MiniaturaTienda`,`t`.`MiniaturaTiendaURL` AS `MiniaturaTiendaURL`,`t`.`BannerTienda` AS `BannerTienda`,`t`.`BannerTiendaURL` AS `BannerTiendaURL`,`t`.`IdCategoriaFK` AS `IdCategoriaFK`,`t`.`IdArrendatarioFK` AS `IdArrendatarioFK` from (`tienda` `t` join `categoria` `c` on(`t`.`IdCategoriaFK` = `c`.`IdCategoria`)) where `c`.`NombreCategoria` = 'Deportes' and `t`.`EstadoTienda` = 1 */;
/*!50001 SET character_set_client      = @saved_cs_client */;
/*!50001 SET character_set_results     = @saved_cs_results */;
/*!50001 SET collation_connection      = @saved_col_connection */;

--
-- Final view structure for view `electrodomesticos`
--

/*!50001 DROP VIEW IF EXISTS `electrodomesticos`*/;
/*!50001 SET @saved_cs_client          = @@character_set_client */;
/*!50001 SET @saved_cs_results         = @@character_set_results */;
/*!50001 SET @saved_col_connection     = @@collation_connection */;
/*!50001 SET character_set_client      = utf8mb4 */;
/*!50001 SET character_set_results     = utf8mb4 */;
/*!50001 SET collation_connection      = utf8mb4_general_ci */;
/*!50001 CREATE ALGORITHM=UNDEFINED */
/*!50013 DEFINER=`root`@`localhost` SQL SECURITY DEFINER */
/*!50001 VIEW `electrodomesticos` AS select `t`.`IdTienda` AS `IdTienda`,`t`.`DireccionTienda` AS `DireccionTienda`,`t`.`FechaAperturaTienda` AS `FechaAperturaTienda`,`t`.`NombreTienda` AS `NombreTienda`,`t`.`CalificacionTienda` AS `CalificacionTienda`,`t`.`CiudadTienda` AS `CiudadTienda`,`t`.`DescripcionTienda` AS `DescripcionTienda`,`t`.`EstadoTienda` AS `EstadoTienda`,`t`.`MiniaturaTienda` AS `MiniaturaTienda`,`t`.`MiniaturaTiendaURL` AS `MiniaturaTiendaURL`,`t`.`BannerTienda` AS `BannerTienda`,`t`.`BannerTiendaURL` AS `BannerTiendaURL`,`t`.`IdCategoriaFK` AS `IdCategoriaFK`,`t`.`IdArrendatarioFK` AS `IdArrendatarioFK` from (`tienda` `t` join `categoria` `c` on(`t`.`IdCategoriaFK` = `c`.`IdCategoria`)) where `c`.`NombreCategoria` = 'Electrodom√©sticos' and `t`.`EstadoTienda` = 1 */;
/*!50001 SET character_set_client      = @saved_cs_client */;
/*!50001 SET character_set_results     = @saved_cs_results */;
/*!50001 SET collation_connection      = @saved_col_connection */;

--
-- Final view structure for view `hogar`
--

/*!50001 DROP VIEW IF EXISTS `hogar`*/;
/*!50001 SET @saved_cs_client          = @@character_set_client */;
/*!50001 SET @saved_cs_results         = @@character_set_results */;
/*!50001 SET @saved_col_connection     = @@collation_connection */;
/*!50001 SET character_set_client      = utf8mb4 */;
/*!50001 SET character_set_results     = utf8mb4 */;
/*!50001 SET collation_connection      = utf8mb4_general_ci */;
/*!50001 CREATE ALGORITHM=UNDEFINED */
/*!50013 DEFINER=`root`@`localhost` SQL SECURITY DEFINER */
/*!50001 VIEW `hogar` AS select `t`.`IdTienda` AS `IdTienda`,`t`.`DireccionTienda` AS `DireccionTienda`,`t`.`FechaAperturaTienda` AS `FechaAperturaTienda`,`t`.`NombreTienda` AS `NombreTienda`,`t`.`CalificacionTienda` AS `CalificacionTienda`,`t`.`CiudadTienda` AS `CiudadTienda`,`t`.`DescripcionTienda` AS `DescripcionTienda`,`t`.`EstadoTienda` AS `EstadoTienda`,`t`.`MiniaturaTienda` AS `MiniaturaTienda`,`t`.`MiniaturaTiendaURL` AS `MiniaturaTiendaURL`,`t`.`BannerTienda` AS `BannerTienda`,`t`.`BannerTiendaURL` AS `BannerTiendaURL`,`t`.`IdCategoriaFK` AS `IdCategoriaFK`,`t`.`IdArrendatarioFK` AS `IdArrendatarioFK` from (`tienda` `t` join `categoria` `c` on(`t`.`IdCategoriaFK` = `c`.`IdCategoria`)) where `c`.`NombreCategoria` = 'Hogar' and `t`.`EstadoTienda` = 1 */;
/*!50001 SET character_set_client      = @saved_cs_client */;
/*!50001 SET character_set_results     = @saved_cs_results */;
/*!50001 SET collation_connection      = @saved_col_connection */;

--
-- Final view structure for view `juguetes`
--

/*!50001 DROP VIEW IF EXISTS `juguetes`*/;
/*!50001 SET @saved_cs_client          = @@character_set_client */;
/*!50001 SET @saved_cs_results         = @@character_set_results */;
/*!50001 SET @saved_col_connection     = @@collation_connection */;
/*!50001 SET character_set_client      = utf8mb4 */;
/*!50001 SET character_set_results     = utf8mb4 */;
/*!50001 SET collation_connection      = utf8mb4_general_ci */;
/*!50001 CREATE ALGORITHM=UNDEFINED */
/*!50013 DEFINER=`root`@`localhost` SQL SECURITY DEFINER */
/*!50001 VIEW `juguetes` AS select `t`.`IdTienda` AS `IdTienda`,`t`.`DireccionTienda` AS `DireccionTienda`,`t`.`FechaAperturaTienda` AS `FechaAperturaTienda`,`t`.`NombreTienda` AS `NombreTienda`,`t`.`CalificacionTienda` AS `CalificacionTienda`,`t`.`CiudadTienda` AS `CiudadTienda`,`t`.`DescripcionTienda` AS `DescripcionTienda`,`t`.`EstadoTienda` AS `EstadoTienda`,`t`.`MiniaturaTienda` AS `MiniaturaTienda`,`t`.`MiniaturaTiendaURL` AS `MiniaturaTiendaURL`,`t`.`BannerTienda` AS `BannerTienda`,`t`.`BannerTiendaURL` AS `BannerTiendaURL`,`t`.`IdCategoriaFK` AS `IdCategoriaFK`,`t`.`IdArrendatarioFK` AS `IdArrendatarioFK` from (`tienda` `t` join `categoria` `c` on(`t`.`IdCategoriaFK` = `c`.`IdCategoria`)) where `c`.`NombreCategoria` = 'Juguetes' and `t`.`EstadoTienda` = 1 */;
/*!50001 SET character_set_client      = @saved_cs_client */;
/*!50001 SET character_set_results     = @saved_cs_results */;
/*!50001 SET collation_connection      = @saved_col_connection */;

--
-- Final view structure for view `moda`
--

/*!50001 DROP VIEW IF EXISTS `moda`*/;
/*!50001 SET @saved_cs_client          = @@character_set_client */;
/*!50001 SET @saved_cs_results         = @@character_set_results */;
/*!50001 SET @saved_col_connection     = @@collation_connection */;
/*!50001 SET character_set_client      = utf8mb4 */;
/*!50001 SET character_set_results     = utf8mb4 */;
/*!50001 SET collation_connection      = utf8mb4_general_ci */;
/*!50001 CREATE ALGORITHM=UNDEFINED */
/*!50013 DEFINER=`root`@`localhost` SQL SECURITY DEFINER */
/*!50001 VIEW `moda` AS select `t`.`IdTienda` AS `IdTienda`,`t`.`DireccionTienda` AS `DireccionTienda`,`t`.`FechaAperturaTienda` AS `FechaAperturaTienda`,`t`.`NombreTienda` AS `NombreTienda`,`t`.`CalificacionTienda` AS `CalificacionTienda`,`t`.`CiudadTienda` AS `CiudadTienda`,`t`.`DescripcionTienda` AS `DescripcionTienda`,`t`.`EstadoTienda` AS `EstadoTienda`,`t`.`MiniaturaTienda` AS `MiniaturaTienda`,`t`.`MiniaturaTiendaURL` AS `MiniaturaTiendaURL`,`t`.`BannerTienda` AS `BannerTienda`,`t`.`BannerTiendaURL` AS `BannerTiendaURL`,`t`.`IdCategoriaFK` AS `IdCategoriaFK`,`t`.`IdArrendatarioFK` AS `IdArrendatarioFK` from (`tienda` `t` join `categoria` `c` on(`t`.`IdCategoriaFK` = `c`.`IdCategoria`)) where `c`.`NombreCategoria` = 'Moda' and `t`.`EstadoTienda` = 1 */;
/*!50001 SET character_set_client      = @saved_cs_client */;
/*!50001 SET character_set_results     = @saved_cs_results */;
/*!50001 SET collation_connection      = @saved_col_connection */;

--
-- Final view structure for view `promedio_calificacion_tienda`
--

/*!50001 DROP VIEW IF EXISTS `promedio_calificacion_tienda`*/;
/*!50001 SET @saved_cs_client          = @@character_set_client */;
/*!50001 SET @saved_cs_results         = @@character_set_results */;
/*!50001 SET @saved_col_connection     = @@collation_connection */;
/*!50001 SET character_set_client      = utf8mb4 */;
/*!50001 SET character_set_results     = utf8mb4 */;
/*!50001 SET collation_connection      = utf8mb4_general_ci */;
/*!50001 CREATE ALGORITHM=UNDEFINED */
/*!50013 DEFINER=`root`@`localhost` SQL SECURITY DEFINER */
/*!50001 VIEW `promedio_calificacion_tienda` AS select `t`.`IdTienda` AS `IdTienda`,`t`.`NombreTienda` AS `NombreTienda`,`t`.`MiniaturaTiendaURL` AS `MiniaturaTiendaURL`,`t`.`DescripcionTienda` AS `DescripcionTienda`,avg(`a`.`CalificacionAprobacion`) AS `PromedioCalificacion` from ((`tienda` `t` join `producto` `p` on(`t`.`IdTienda` = `p`.`IdTiendaFK`)) join `aprobacion` `a` on(`p`.`IdProducto` = `a`.`IdProductoFK`)) group by `t`.`IdTienda`,`t`.`NombreTienda` order by avg(`a`.`CalificacionAprobacion`) desc */;
/*!50001 SET character_set_client      = @saved_cs_client */;
/*!50001 SET character_set_results     = @saved_cs_results */;
/*!50001 SET collation_connection      = @saved_col_connection */;

--
-- Final view structure for view `top4productos`
--

/*!50001 DROP VIEW IF EXISTS `top4productos`*/;
/*!50001 SET @saved_cs_client          = @@character_set_client */;
/*!50001 SET @saved_cs_results         = @@character_set_results */;
/*!50001 SET @saved_col_connection     = @@collation_connection */;
/*!50001 SET character_set_client      = utf8mb4 */;
/*!50001 SET character_set_results     = utf8mb4 */;
/*!50001 SET collation_connection      = utf8mb4_general_ci */;
/*!50001 CREATE ALGORITHM=UNDEFINED */
/*!50013 DEFINER=`root`@`localhost` SQL SECURITY DEFINER */
/*!50001 VIEW `top4productos` AS select `p`.`IdProducto` AS `IdProducto`,`p`.`NombreProducto` AS `NombreProducto`,`p`.`DescripcionProducto` AS `DescripcionProducto`,`p`.`FotoProducto` AS `FotoProducto`,`p`.`FotoProductoURL` AS `FotoProductoURL`,avg(`a`.`CalificacionAprobacion`) AS `PromedioCalificacion`,`p`.`PrecioProducto` AS `PrecioProducto` from (`producto` `p` join `aprobacion` `a` on(`p`.`IdProducto` = `a`.`IdProductoFK`)) group by `p`.`IdProducto`,`p`.`NombreProducto`,`p`.`DescripcionProducto`,`p`.`FotoProducto`,`p`.`FotoProductoURL` order by avg(`a`.`CalificacionAprobacion`) desc limit 4 */;
/*!50001 SET character_set_client      = @saved_cs_client */;
/*!50001 SET character_set_results     = @saved_cs_results */;
/*!50001 SET collation_connection      = @saved_col_connection */;

--
-- Final view structure for view `top4tiendas`
--

/*!50001 DROP VIEW IF EXISTS `top4tiendas`*/;
/*!50001 SET @saved_cs_client          = @@character_set_client */;
/*!50001 SET @saved_cs_results         = @@character_set_results */;
/*!50001 SET @saved_col_connection     = @@collation_connection */;
/*!50001 SET character_set_client      = utf8mb4 */;
/*!50001 SET character_set_results     = utf8mb4 */;
/*!50001 SET collation_connection      = utf8mb4_general_ci */;
/*!50001 CREATE ALGORITHM=UNDEFINED */
/*!50013 DEFINER=`root`@`localhost` SQL SECURITY DEFINER */
/*!50001 VIEW `top4tiendas` AS select `promedio_calificacion_tienda`.`IdTienda` AS `IdTienda`,`promedio_calificacion_tienda`.`NombreTienda` AS `NombreTienda`,`promedio_calificacion_tienda`.`PromedioCalificacion` AS `PromedioCalificacion`,`promedio_calificacion_tienda`.`MiniaturaTiendaURL` AS `MiniaturaTiendaURL`,`promedio_calificacion_tienda`.`DescripcionTienda` AS `DescripcionTienda` from `promedio_calificacion_tienda` order by `promedio_calificacion_tienda`.`PromedioCalificacion` desc limit 4 */;
/*!50001 SET character_set_client      = @saved_cs_client */;
/*!50001 SET character_set_results     = @saved_cs_results */;
/*!50001 SET collation_connection      = @saved_col_connection */;

--
-- Final view structure for view `vertienda`
--

/*!50001 DROP VIEW IF EXISTS `vertienda`*/;
/*!50001 SET @saved_cs_client          = @@character_set_client */;
/*!50001 SET @saved_cs_results         = @@character_set_results */;
/*!50001 SET @saved_col_connection     = @@collation_connection */;
/*!50001 SET character_set_client      = utf8mb4 */;
/*!50001 SET character_set_results     = utf8mb4 */;
/*!50001 SET collation_connection      = utf8mb4_general_ci */;
/*!50001 CREATE ALGORITHM=UNDEFINED */
/*!50013 DEFINER=`root`@`localhost` SQL SECURITY DEFINER */
/*!50001 VIEW `vertienda` AS select `t`.`IdTienda` AS `IdTienda`,`t`.`DireccionTienda` AS `DireccionTienda`,`t`.`FechaAperturaTienda` AS `FechaAperturaTienda`,`t`.`NombreTienda` AS `NombreTienda`,`t`.`CalificacionTienda` AS `CalificacionTienda`,`t`.`CiudadTienda` AS `CiudadTienda`,`t`.`DescripcionTienda` AS `DescripcionTienda`,`t`.`EstadoTienda` AS `EstadoTienda`,`t`.`MiniaturaTienda` AS `MiniaturaTienda`,`t`.`MiniaturaTiendaURL` AS `MiniaturaTiendaURL`,`t`.`BannerTienda` AS `BannerTienda`,`t`.`BannerTiendaURL` AS `BannerTiendaURL` from `tienda` `t` where `t`.`EstadoTienda` = 1 */;
/*!50001 SET character_set_client      = @saved_cs_client */;
/*!50001 SET character_set_results     = @saved_cs_results */;
/*!50001 SET collation_connection      = @saved_col_connection */;
/*!40103 SET TIME_ZONE=@OLD_TIME_ZONE */;

/*!40101 SET SQL_MODE=@OLD_SQL_MODE */;
/*!40014 SET FOREIGN_KEY_CHECKS=@OLD_FOREIGN_KEY_CHECKS */;
/*!40014 SET UNIQUE_CHECKS=@OLD_UNIQUE_CHECKS */;
/*!40101 SET CHARACTER_SET_CLIENT=@OLD_CHARACTER_SET_CLIENT */;
/*!40101 SET CHARACTER_SET_RESULTS=@OLD_CHARACTER_SET_RESULTS */;
/*!40101 SET COLLATION_CONNECTION=@OLD_COLLATION_CONNECTION */;
/*!40111 SET SQL_NOTES=@OLD_SQL_NOTES */;

-- Dump completed on 2024-10-11  1:45:44
